Date,Day,Time_A,BS_A,Lat_A,Lng_A,Time_B,BS_B,Lat_B,Lng_B,Duration(h),Route
1/12/2018,Saturday,9:43:10 AM,1000,1.66246,103.59877,9:46:10 AM,1001,1.6613,103.60363,0.05,1
1/12/2018,Saturday,9:46:10 AM,1001,1.6613,103.60363,9:50:11 AM,1003,1.65196,103.61057,0.06694444444444445,1
1/12/2018,Saturday,9:50:11 AM,1003,1.65196,103.61057,9:52:12 AM,1004,1.64961,103.61234,0.03361111111111111,1
1/12/2018,Saturday,9:52:12 AM,1004,1.64961,103.61234,9:56:13 AM,1006,1.63998,103.62432,0.06694444444444445,1
1/12/2018,Saturday,9:56:13 AM,1006,1.63998,103.62432,9:58:13 AM,1007,1.63553,103.63013,0.03333333333333333,1
1/12/2018,Saturday,9:58:13 AM,1007,1.63553,103.63013,10:10:02 AM,1012,1.60172,103.64516,0.19694444444444445,1
1/12/2018,Saturday,10:10:02 AM,1012,1.60172,103.64516,10:13:03 AM,1018,1.54469,103.65764,0.050277777777777775,1
1/12/2018,Saturday,10:13:03 AM,1018,1.54469,103.65764,10:15:03 AM,1019,1.53954,103.66081,0.03333333333333333,1
1/12/2018,Saturday,10:15:03 AM,1019,1.53954,103.66081,10:17:04 AM,1021,1.5284,103.67051,0.03361111111111111,1
1/12/2018,Saturday,10:17:04 AM,1021,1.5284,103.67051,10:19:04 AM,1022,1.52329,103.67911,0.03333333333333333,1
1/12/2018,Saturday,10:19:04 AM,1022,1.52329,103.67911,10:22:05 AM,1025,1.50875,103.68927,0.050277777777777775,1
1/12/2018,Saturday,10:22:05 AM,1025,1.50875,103.68927,10:25:06 AM,1028,1.49729,103.70112,0.050277777777777775,1
1/12/2018,Saturday,10:25:06 AM,1028,1.49729,103.70112,10:30:07 AM,1030,1.4754,103.72467,0.08361111111111111,1
1/12/2018,Saturday,10:30:07 AM,1030,1.4754,103.72467,10:35:08 AM,1035,1.45536,103.76162,0.08361111111111111,1
1/12/2018,Saturday,10:35:08 AM,1035,1.45536,103.76162,11:07:16 AM,1036,1.46434,103.7641,0.06694444444444445,1
1/12/2018,Saturday,11:07:16 AM,1037,1.46434,103.7641,11:20:19 AM,1045,1.49773,103.69997,0.2175,2
1/12/2018,Saturday,11:20:19 AM,1045,1.49773,103.69997,11:23:20 AM,1046,1.50798,103.68946,0.050277777777777775,2
1/12/2018,Saturday,11:23:20 AM,1046,1.50798,103.68946,11:27:21 AM,1049,1.52805,103.67071,0.06694444444444445,2
1/12/2018,Saturday,11:27:21 AM,1049,1.52805,103.67071,11:28:21 AM,1050,1.53595,103.66402,0.016666666666666666,2
1/12/2018,Saturday,11:28:21 AM,1050,1.53595,103.66402,11:30:22 AM,1052,1.53976,103.66047,0.03361111111111111,2
1/12/2018,Saturday,11:30:22 AM,1052,1.53976,103.66047,11:41:25 AM,1057,1.60179,103.6451,0.18416666666666667,2
1/12/2018,Saturday,11:41:25 AM,1057,1.60179,103.6451,11:42:25 AM,1059,1.61283,103.64722,0.016666666666666666,2
1/12/2018,Saturday,11:42:25 AM,1059,1.61283,103.64722,12:48:11 PM,1071,1.66246,103.59877,0.3597222222222222,2
1/12/2018,Saturday,12:48:11 PM,1000,1.66246,103.59877,12:50:12 PM,1001,1.66176,103.60205,0.03361111111111111,1
1/12/2018,Saturday,12:50:12 PM,1001,1.66176,103.60205,12:53:12 PM,1002,1.65305,103.61006,0.05,1
1/12/2018,Saturday,12:53:12 PM,1002,1.65305,103.61006,12:54:13 PM,1003,1.65093,103.61135,0.016944444444444446,1
1/12/2018,Saturday,12:54:13 PM,1003,1.65093,103.61135,12:55:13 PM,1004,1.64837,103.61323,0.016666666666666666,1
1/12/2018,Saturday,12:55:13 PM,1004,1.64837,103.61323,12:56:13 PM,1005,1.64534,103.61631,0.016666666666666666,1
1/12/2018,Saturday,12:56:13 PM,1005,1.64534,103.61631,12:58:14 PM,1006,1.63933,103.62515,0.03361111111111111,1
1/12/2018,Saturday,12:58:14 PM,1006,1.63933,103.62515,1:00:00 PM,1007,1.63511,103.63069,0.029444444444444443,1
1/12/2018,Saturday,1:00:00 PM,1007,1.63511,103.63069,1:02:00 PM,1009,1.62797,103.63869,0.03333333333333333,1
1/12/2018,Saturday,1:02:00 PM,1009,1.62797,103.63869,1:12:03 PM,1012,1.60172,103.64516,0.1675,1
1/12/2018,Saturday,1:12:03 PM,1012,1.60172,103.64516,1:14:03 PM,1018,1.54514,103.65748,0.03333333333333333,1
1/12/2018,Saturday,1:14:03 PM,1018,1.54514,103.65748,1:16:04 PM,1019,1.54068,103.65978,0.03361111111111111,1
1/12/2018,Saturday,1:16:04 PM,1019,1.54068,103.65978,1:21:05 PM,1023,1.51888,103.68223,0.08361111111111111,1
1/12/2018,Saturday,1:21:05 PM,1023,1.51888,103.68223,1:22:05 PM,1026,1.50093,103.69567,0.016666666666666666,1
1/12/2018,Saturday,1:22:05 PM,1026,1.50093,103.69567,1:23:05 PM,1027,1.49817,103.69963,0.016666666666666666,1
1/12/2018,Saturday,1:23:05 PM,1027,1.49817,103.69963,2:10:02 PM,1036,1.46264,103.76566,0.31805555555555554,1
1/12/2018,Saturday,2:10:02 PM,1037,1.46264,103.76566,2:17:04 PM,1042,1.47537,103.72454,0.11722222222222223,2
1/12/2018,Saturday,2:17:04 PM,1042,1.47537,103.72454,2:20:04 PM,1043,1.48928,103.71211,0.05,2
1/12/2018,Saturday,2:20:04 PM,1043,1.48928,103.71211,2:22:05 PM,1045,1.49608,103.70214,0.03361111111111111,2
1/12/2018,Saturday,2:22:05 PM,1045,1.49608,103.70214,2:27:06 PM,1046,1.50847,103.68906,0.08361111111111111,2
1/12/2018,Saturday,2:27:06 PM,1046,1.50847,103.68906,2:32:07 PM,1051,1.53757,103.66255,0.08361111111111111,2
1/12/2018,Saturday,2:32:07 PM,1051,1.53757,103.66255,2:35:08 PM,1052,1.53976,103.66047,0.050277777777777775,2
1/12/2018,Saturday,2:35:08 PM,1052,1.53976,103.66047,2:37:09 PM,1053,1.5448,103.65738,0.03361111111111111,2
1/12/2018,Saturday,2:37:09 PM,1053,1.5448,103.65738,2:40:09 PM,1057,1.60179,103.6451,0.05,2
1/12/2018,Saturday,2:40:09 PM,1057,1.60179,103.6451,3:09:02 PM,1071,1.66246,103.59877,0.48138888888888887,2
1/12/2018,Saturday,3:48:11 PM,1001,1.66176,103.60205,3:50:12 PM,1002,1.65305,103.61006,0.03361111111111111,1
1/12/2018,Saturday,3:50:12 PM,1002,1.65305,103.61006,3:51:12 PM,1003,1.64982,103.61218,0.016666666666666666,1
1/12/2018,Saturday,3:51:12 PM,1003,1.64982,103.61218,3:52:12 PM,1005,1.64534,103.61631,0.016666666666666666,1
1/12/2018,Saturday,3:52:12 PM,1005,1.64534,103.61631,3:54:13 PM,1006,1.63998,103.62432,0.03361111111111111,1
1/12/2018,Saturday,3:54:13 PM,1006,1.63998,103.62432,4:11:02 PM,1012,1.60172,103.64516,0.2802777777777778,1
1/12/2018,Saturday,4:11:02 PM,1012,1.60172,103.64516,5:07:01 PM,1036,1.46291,103.76502,0.9330555555555555,1
1/12/2018,Saturday,5:08:01 PM,1037,1.4628,103.76509,5:40:09 PM,1040,1.45941,103.73819,0.5355555555555556,2
1/12/2018,Saturday,5:40:09 PM,1040,1.45941,103.73819,5:44:10 PM,1053,1.54321,103.65805,0.06694444444444445,2
1/12/2018,Saturday,5:44:10 PM,1053,1.54321,103.65805,6:18:04 PM,1057,1.60032,103.64469,0.565,2
1/12/2018,Saturday,6:18:04 PM,1057,1.60032,103.64469,6:21:05 PM,1059,1.61283,103.64722,0.050277777777777775,2
1/12/2018,Saturday,6:21:05 PM,1059,1.61283,103.64722,6:24:06 PM,1061,1.62911,103.63739,0.050277777777777775,2
1/12/2018,Saturday,6:24:06 PM,1061,1.62911,103.63739,6:25:06 PM,1062,1.63185,103.6344,0.016666666666666666,2
1/12/2018,Saturday,6:25:06 PM,1062,1.63185,103.6344,6:26:06 PM,1063,1.63311,103.63295,0.016666666666666666,2
1/12/2018,Saturday,6:26:06 PM,1063,1.63311,103.63295,6:29:07 PM,1064,1.6356,103.62987,0.050277777777777775,2
1/12/2018,Saturday,6:29:07 PM,1064,1.6356,103.62987,6:32:07 PM,1065,1.64042,103.62361,0.05,2
1/12/2018,Saturday,6:32:07 PM,1065,1.64042,103.62361,6:33:08 PM,1067,1.6483,103.61312,0.016944444444444446,2
1/12/2018,Saturday,6:33:08 PM,1067,1.6483,103.61312,6:36:08 PM,1068,1.65071,103.61132,0.05,2
1/12/2018,Saturday,6:36:08 PM,1068,1.65071,103.61132,6:37:09 PM,1069,1.65415,103.60958,0.016944444444444446,2
1/12/2018,Saturday,6:37:09 PM,1069,1.65415,103.60958,6:48:11 PM,1071,1.66272,103.59971,0.10027777777777777,2
1/12/2018,Saturday,6:48:11 PM,1000,1.66272,103.59971,7:00:01 PM,1003,1.65093,103.61135,0.19722222222222222,1
1/12/2018,Saturday,7:00:01 PM,1003,1.65093,103.61135,7:01:01 PM,1004,1.64837,103.61323,0.016666666666666666,1
1/12/2018,Saturday,7:01:01 PM,1004,1.64837,103.61323,7:21:06 PM,1018,1.54469,103.65764,0.3347222222222222,1
1/12/2018,Saturday,7:21:06 PM,1018,1.54469,103.65764,7:23:05 PM,1019,1.54127,103.65929,0.03305555555555555,1
1/12/2018,Saturday,7:23:05 PM,1019,1.54127,103.65929,7:29:08 PM,1021,1.5284,103.67051,0.10083333333333333,1
1/12/2018,Saturday,7:29:08 PM,1021,1.5284,103.67051,7:30:08 PM,1023,1.52061,103.681,0.016666666666666666,1
1/12/2018,Saturday,7:30:08 PM,1023,1.52061,103.681,7:39:09 PM,1027,1.49894,103.6985,0.1502777777777778,1
1/12/2018,Saturday,7:39:09 PM,1027,1.49894,103.6985,7:40:11 PM,1028,1.497,103.70157,0.017222222222222222,1
1/12/2018,Saturday,7:40:11 PM,1028,1.497,103.70157,7:47:11 PM,1031,1.46267,103.73198,0.11666666666666667,1
1/12/2018,Saturday,7:47:11 PM,1031,1.46267,103.73198,7:50:13 PM,1035,1.45579,103.76312,0.050555555555555555,1
1/12/2018,Saturday,7:50:13 PM,1035,1.45579,103.76312,8:13:03 PM,1036,1.46368,103.76511,0.08388888888888889,1
1/12/2018,Saturday,8:13:03 PM,1037,1.46368,103.76511,8:21:05 PM,1042,1.47246,103.72525,0.1338888888888889,2
1/12/2018,Saturday,8:21:05 PM,1042,1.47246,103.72525,8:24:05 PM,1043,1.48867,103.71298,0.05,2
1/12/2018,Saturday,8:24:05 PM,1043,1.48867,103.71298,8:26:06 PM,1045,1.49608,103.70214,0.03361111111111111,2
1/12/2018,Saturday,8:26:06 PM,1045,1.49608,103.70214,8:31:07 PM,1046,1.50798,103.68946,0.08361111111111111,2
1/12/2018,Saturday,8:31:07 PM,1046,1.50798,103.68946,8:35:08 PM,1048,1.52346,103.67885,0.06694444444444445,2
1/12/2018,Saturday,8:35:08 PM,1048,1.52346,103.67885,8:38:09 PM,1050,1.53419,103.66544,0.050277777777777775,2
1/12/2018,Saturday,8:38:09 PM,1050,1.53419,103.66544,8:39:09 PM,1052,1.53901,103.66115,0.016666666666666666,2
1/12/2018,Saturday,8:39:09 PM,1052,1.53901,103.66115,8:40:09 PM,1053,1.54364,103.65788,0.016666666666666666,2
1/12/2018,Saturday,8:40:09 PM,1053,1.54364,103.65788,8:48:11 PM,1057,1.602,103.64519,0.1338888888888889,2
1/12/2018,Saturday,8:48:11 PM,1057,1.602,103.64519,8:51:12 PM,1059,1.61401,103.64715,0.050277777777777775,2
1/12/2018,Saturday,8:51:12 PM,1059,1.61401,103.64715,8:53:13 PM,1061,1.62884,103.6377,0.03361111111111111,2
1/12/2018,Saturday,8:53:13 PM,1061,1.62884,103.6377,8:54:13 PM,1062,1.63185,103.6344,0.016666666666666666,2
1/12/2018,Saturday,8:54:13 PM,1062,1.63185,103.6344,9:07:01 PM,1071,1.66246,103.59877,0.21333333333333335,2
2/12/2018,Sunday,9:42:03 AM,1000,1.66254,103.60006,9:44:03 AM,1001,1.66155,103.60257,0.03333333333333333,1
2/12/2018,Sunday,9:44:03 AM,1001,1.66155,103.60257,9:47:04 AM,1002,1.65518,103.60936,0.050277777777777775,1
2/12/2018,Sunday,9:47:04 AM,1002,1.65518,103.60936,9:48:04 AM,1003,1.64982,103.61218,0.016666666666666666,1
2/12/2018,Sunday,9:48:04 AM,1003,1.64982,103.61218,9:53:04 AM,1006,1.63933,103.62515,0.08333333333333333,1
2/12/2018,Sunday,9:53:04 AM,1006,1.63933,103.62515,9:55:04 AM,1007,1.63511,103.63069,0.03333333333333333,1
2/12/2018,Sunday,9:55:04 AM,1007,1.63511,103.63069,9:58:05 AM,1009,1.62918,103.63746,0.050277777777777775,1
2/12/2018,Sunday,9:58:05 AM,1009,1.62918,103.63746,10:11:00 AM,1012,1.60172,103.64516,0.2152777777777778,1
2/12/2018,Sunday,10:11:00 AM,1012,1.60172,103.64516,10:18:01 AM,1021,1.52814,103.67076,0.11694444444444445,1
2/12/2018,Sunday,10:18:01 AM,1021,1.52814,103.67076,10:19:01 AM,1023,1.51888,103.68223,0.016666666666666666,1
2/12/2018,Sunday,10:19:01 AM,1023,1.51888,103.68223,10:23:02 AM,1025,1.50875,103.68927,0.06694444444444445,1
2/12/2018,Sunday,10:23:02 AM,1025,1.50875,103.68927,10:27:02 AM,1028,1.49616,103.7028,0.06666666666666667,1
2/12/2018,Sunday,10:27:02 AM,1028,1.49616,103.7028,10:29:02 AM,1029,1.48895,103.71283,0.03333333333333333,1
2/12/2018,Sunday,10:29:02 AM,1029,1.48895,103.71283,10:56:04 AM,1036,1.46264,103.76566,0.4008333333333333,1
2/12/2018,Sunday,10:56:04 AM,1037,1.46264,103.76566,11:04:00 AM,1042,1.47246,103.72525,0.1322222222222222,2
2/12/2018,Sunday,11:04:00 AM,1042,1.47246,103.72525,11:07:00 AM,1043,1.48839,103.71338,0.05,2
2/12/2018,Sunday,11:07:00 AM,1043,1.48839,103.71338,11:13:01 AM,1046,1.50798,103.68946,0.10027777777777777,2
2/12/2018,Sunday,11:13:01 AM,1046,1.50798,103.68946,11:16:01 AM,1048,1.5224,103.67959,0.05,2
2/12/2018,Sunday,11:16:01 AM,1048,1.5224,103.67959,11:19:01 AM,1050,1.53502,103.66479,0.05,2
2/12/2018,Sunday,11:19:01 AM,1050,1.53502,103.66479,11:21:01 AM,1052,1.53976,103.66047,0.03333333333333333,2
2/12/2018,Sunday,11:21:01 AM,1052,1.53976,103.66047,11:31:02 AM,1057,1.59977,103.64476,0.16694444444444445,2
2/12/2018,Sunday,11:31:02 AM,1057,1.59977,103.64476,11:33:02 AM,1059,1.61283,103.64722,0.03333333333333333,2
2/12/2018,Sunday,11:33:02 AM,1059,1.61283,103.64722,11:51:04 AM,1071,1.66246,103.59877,0.3005555555555556,2
2/12/2018,Sunday,12:43:03 PM,1000,1.66272,103.59971,12:45:03 PM,1001,1.6613,103.60363,0.03333333333333333,1
2/12/2018,Sunday,12:45:03 PM,1001,1.6613,103.60363,12:50:04 PM,1002,1.65268,103.6102,0.08361111111111111,1
2/12/2018,Sunday,12:50:04 PM,1002,1.65268,103.6102,12:51:04 PM,1003,1.65093,103.61135,0.016666666666666666,1
2/12/2018,Sunday,12:51:04 PM,1003,1.65093,103.61135,1:01:00 PM,1006,1.63998,103.62432,0.16555555555555557,1
2/12/2018,Sunday,1:01:00 PM,1006,1.63998,103.62432,1:12:01 PM,1012,1.60172,103.64516,0.1836111111111111,1
2/12/2018,Sunday,1:12:01 PM,1012,1.60172,103.64516,1:21:01 PM,1021,1.5284,103.67051,0.15,1
2/12/2018,Sunday,1:21:01 PM,1021,1.5284,103.67051,1:30:02 PM,1025,1.50875,103.68927,0.1502777777777778,1
2/12/2018,Sunday,1:30:02 PM,1025,1.50875,103.68927,1:32:02 PM,1027,1.49967,103.69743,0.03333333333333333,1
2/12/2018,Sunday,1:32:02 PM,1027,1.49967,103.69743,1:33:02 PM,1028,1.497,103.70157,0.016666666666666666,1
2/12/2018,Sunday,1:33:02 PM,1028,1.497,103.70157,1:40:03 PM,1033,1.45738,103.74684,0.11694444444444445,1
2/12/2018,Sunday,1:40:03 PM,1033,1.45738,103.74684,1:43:03 PM,1035,1.45579,103.76312,0.05,1
2/12/2018,Sunday,1:43:03 PM,1035,1.45579,103.76312,2:07:00 PM,1036,1.46434,103.7641,0.10027777777777777,1
2/12/2018,Sunday,2:07:00 PM,1037,1.46434,103.7641,2:11:00 PM,1038,1.45458,103.75971,0.06666666666666667,2
2/12/2018,Sunday,2:11:00 PM,1038,1.45458,103.75971,2:17:01 PM,1042,1.47246,103.72525,0.10027777777777777,2
2/12/2018,Sunday,2:17:01 PM,1042,1.47246,103.72525,2:28:02 PM,1046,1.50798,103.68946,0.1836111111111111,2
2/12/2018,Sunday,2:28:02 PM,1046,1.50798,103.68946,2:31:02 PM,1048,1.5224,103.67959,0.05,2
2/12/2018,Sunday,2:31:02 PM,1048,1.5224,103.67959,2:33:02 PM,1051,1.53757,103.66255,0.03333333333333333,2
2/12/2018,Sunday,2:33:02 PM,1051,1.53757,103.66255,2:37:03 PM,1053,1.5448,103.65738,0.06694444444444445,2
2/12/2018,Sunday,2:37:03 PM,1053,1.5448,103.65738,2:40:03 PM,1057,1.60179,103.6451,0.05,2
2/12/2018,Sunday,2:40:03 PM,1057,1.60179,103.6451,3:08:00 PM,1071,1.66246,103.59877,0.4658333333333333,2
2/12/2018,Sunday,3:58:05 PM,1000,1.66254,103.60006,4:02:00 PM,1001,1.6613,103.60363,0.06527777777777778,1
2/12/2018,Sunday,4:02:00 PM,1001,1.6613,103.60363,4:05:00 PM,1002,1.65518,103.60936,0.05,1
2/12/2018,Sunday,4:05:00 PM,1002,1.65518,103.60936,4:06:00 PM,1003,1.65093,103.61135,0.016666666666666666,1
2/12/2018,Sunday,4:06:00 PM,1003,1.65093,103.61135,4:07:00 PM,1004,1.64837,103.61323,0.016666666666666666,1
2/12/2018,Sunday,4:07:00 PM,1004,1.64837,103.61323,4:08:00 PM,1005,1.64478,103.61739,0.016666666666666666,1
2/12/2018,Sunday,4:08:00 PM,1005,1.64478,103.61739,4:10:00 PM,1006,1.63998,103.62432,0.03333333333333333,1
2/12/2018,Sunday,4:10:00 PM,1006,1.63998,103.62432,4:12:01 PM,1007,1.63553,103.63013,0.03361111111111111,1
2/12/2018,Sunday,4:12:01 PM,1007,1.63553,103.63013,4:14:01 PM,1008,1.63311,103.63311,0.03333333333333333,1
2/12/2018,Sunday,4:14:01 PM,1008,1.63311,103.63311,4:18:01 PM,1011,1.61245,103.64737,0.06666666666666667,1
2/12/2018,Sunday,4:18:01 PM,1011,1.61245,103.64737,4:20:01 PM,1012,1.60001,103.64481,0.03333333333333333,1
2/12/2018,Sunday,4:20:01 PM,1012,1.60001,103.64481,4:21:01 PM,1013,1.59752,103.64553,0.016666666666666666,1
2/12/2018,Sunday,4:21:01 PM,1013,1.59752,103.64553,4:26:02 PM,1018,1.54469,103.65764,0.08361111111111111,1
2/12/2018,Sunday,4:26:02 PM,1018,1.54469,103.65764,4:31:02 PM,1020,1.53546,103.66481,0.08333333333333333,1
2/12/2018,Sunday,4:31:02 PM,1020,1.53546,103.66481,4:36:03 PM,1021,1.5284,103.67051,0.08361111111111111,1
2/12/2018,Sunday,4:36:03 PM,1021,1.5284,103.67051,4:40:03 PM,1022,1.52227,103.67983,0.06666666666666667,1
2/12/2018,Sunday,4:40:03 PM,1022,1.52227,103.67983,4:44:03 PM,1025,1.50875,103.68927,0.06666666666666667,1
2/12/2018,Sunday,4:44:03 PM,1025,1.50875,103.68927,4:47:04 PM,1027,1.49817,103.69963,0.050277777777777775,1
2/12/2018,Sunday,4:47:04 PM,1027,1.49817,103.69963,4:48:04 PM,1028,1.49616,103.7028,0.016666666666666666,1
2/12/2018,Sunday,4:48:04 PM,1028,1.49616,103.7028,4:51:04 PM,1029,1.4895,103.71217,0.05,1
2/12/2018,Sunday,4:51:04 PM,1029,1.4895,103.71217,5:56:04 PM,1036,1.4644,103.76469,0.9166666666666666,1
2/12/2018,Sunday,5:56:04 PM,1037,1.4644,103.76469,5:58:05 PM,1043,1.48919,103.71224,0.03361111111111111,2
2/12/2018,Sunday,5:58:05 PM,1043,1.48919,103.71224,6:01:00 PM,1045,1.49773,103.69997,0.04861111111111111,2
2/12/2018,Sunday,6:01:00 PM,1045,1.49773,103.69997,6:05:59 PM,1046,1.50847,103.68906,0.08305555555555555,2
2/12/2018,Sunday,6:05:59 PM,1046,1.50847,103.68906,6:13:01 PM,1053,1.5448,103.65738,0.11722222222222223,2
2/12/2018,Sunday,6:13:01 PM,1053,1.5448,103.65738,6:21:00 PM,1057,1.59991,103.64472,0.13305555555555557,2
2/12/2018,Sunday,6:21:00 PM,1057,1.59991,103.64472,6:23:02 PM,1059,1.61283,103.64722,0.03388888888888889,2
2/12/2018,Sunday,6:23:02 PM,1059,1.61283,103.64722,6:40:02 PM,1071,1.66246,103.59877,0.2833333333333333,2
2/12/2018,Sunday,6:58:05 PM,1000,1.66246,103.59877,7:04:00 PM,1001,1.66113,103.60413,0.09861111111111111,1
2/12/2018,Sunday,7:04:00 PM,1001,1.66113,103.60413,7:08:00 PM,1002,1.65268,103.6102,0.06666666666666667,1
2/12/2018,Sunday,7:08:00 PM,1002,1.65268,103.6102,7:09:00 PM,1003,1.65093,103.61135,0.016666666666666666,1
2/12/2018,Sunday,7:09:00 PM,1003,1.65093,103.61135,7:10:00 PM,1004,1.64837,103.61323,0.016666666666666666,1
2/12/2018,Sunday,7:10:00 PM,1004,1.64837,103.61323,7:13:01 PM,1006,1.64063,103.62349,0.050277777777777775,1
2/12/2018,Sunday,7:13:01 PM,1006,1.64063,103.62349,7:14:01 PM,1007,1.63528,103.63046,0.016666666666666666,1
2/12/2018,Sunday,7:14:01 PM,1007,1.63528,103.63046,7:25:02 PM,1012,1.60172,103.64516,0.1836111111111111,1
2/12/2018,Sunday,7:25:02 PM,1012,1.60172,103.64516,7:27:02 PM,1018,1.54568,103.65734,0.03333333333333333,1
2/12/2018,Sunday,7:27:02 PM,1018,1.54568,103.65734,8:20:01 PM,1036,1.46486,103.7644,0.5661111111111111,1
2/12/2018,Sunday,8:20:01 PM,1037,1.46486,103.7644,8:26:02 PM,1041,1.46208,103.73239,0.10027777777777777,2
2/12/2018,Sunday,8:26:02 PM,1041,1.46208,103.73239,8:29:02 PM,1053,1.54321,103.65805,0.05,2
2/12/2018,Sunday,8:29:02 PM,1053,1.54321,103.65805,9:11:00 PM,1071,1.66246,103.59877,0.6994444444444444,2
3/12/2018,Monday,7:25:11 AM,1000,1.66246,103.59877,7:27:12 AM,1001,1.66113,103.60413,0.03361111111111111,1
3/12/2018,Monday,7:27:12 AM,1001,1.66113,103.60413,7:30:12 AM,1002,1.65268,103.6102,0.05,1
3/12/2018,Monday,7:30:12 AM,1002,1.65268,103.6102,7:31:12 AM,1003,1.65093,103.61135,0.016666666666666666,1
3/12/2018,Monday,7:31:12 AM,1003,1.65093,103.61135,7:32:12 AM,1004,1.64837,103.61323,0.016666666666666666,1
3/12/2018,Monday,7:32:12 AM,1004,1.64837,103.61323,7:33:12 AM,1005,1.64534,103.61631,0.016666666666666666,1
3/12/2018,Monday,7:33:12 AM,1005,1.64534,103.61631,7:35:12 AM,1006,1.63933,103.62515,0.03333333333333333,1
3/12/2018,Monday,7:35:12 AM,1006,1.63933,103.62515,7:37:12 AM,1007,1.63511,103.63069,0.03333333333333333,1
3/12/2018,Monday,7:37:12 AM,1007,1.63511,103.63069,7:49:14 AM,1012,1.60172,103.64516,0.20055555555555554,1
3/12/2018,Monday,7:49:14 AM,1012,1.60172,103.64516,8:25:02 AM,1036,1.46291,103.76502,0.5966666666666667,1
3/12/2018,Monday,8:43:03 AM,1037,1.4628,103.76509,8:52:04 AM,1041,1.46208,103.73239,0.1502777777777778,2
3/12/2018,Monday,8:52:04 AM,1041,1.46208,103.73239,8:54:04 AM,1042,1.47297,103.72512,0.03333333333333333,2
3/12/2018,Monday,8:54:04 AM,1042,1.47297,103.72512,8:58:05 AM,1046,1.50798,103.68946,0.06694444444444445,2
3/12/2018,Monday,8:58:05 AM,1046,1.50798,103.68946,9:03:00 AM,1050,1.53595,103.66402,0.08194444444444444,2
3/12/2018,Monday,9:03:00 AM,1050,1.53595,103.66402,9:04:00 AM,1052,1.53976,103.66047,0.016666666666666666,2
3/12/2018,Monday,9:04:00 AM,1052,1.53976,103.66047,9:14:01 AM,1057,1.60032,103.64469,0.16694444444444445,2
3/12/2018,Monday,9:14:01 AM,1057,1.60032,103.64469,9:16:01 AM,1059,1.6125,103.64725,0.03333333333333333,2
3/12/2018,Monday,9:16:01 AM,1059,1.6125,103.64725,9:33:02 AM,1071,1.66246,103.59877,0.2836111111111111,2
3/12/2018,Monday,10:01:00 AM,1000,1.66245,103.59909,10:04:00 AM,1001,1.66176,103.60205,0.05,1
3/12/2018,Monday,10:04:00 AM,1001,1.66176,103.60205,10:07:00 AM,1002,1.65305,103.61006,0.05,1
3/12/2018,Monday,10:07:00 AM,1002,1.65305,103.61006,10:08:00 AM,1003,1.65093,103.61135,0.016666666666666666,1
3/12/2018,Monday,10:08:00 AM,1003,1.65093,103.61135,10:12:01 AM,1006,1.63998,103.62432,0.06694444444444445,1
3/12/2018,Monday,10:12:01 AM,1006,1.63998,103.62432,10:19:01 AM,1012,1.60001,103.64481,0.11666666666666667,1
3/12/2018,Monday,10:19:01 AM,1012,1.60001,103.64481,10:21:01 AM,1014,1.59167,103.64761,0.03333333333333333,1
3/12/2018,Monday,10:21:01 AM,1014,1.59167,103.64761,10:26:02 AM,1018,1.54568,103.65734,0.08361111111111111,1
3/12/2018,Monday,10:26:02 AM,1018,1.54568,103.65734,10:32:02 AM,1021,1.5284,103.67051,0.1,1
3/12/2018,Monday,10:32:02 AM,1021,1.5284,103.67051,10:36:03 AM,1025,1.50875,103.68927,0.06694444444444445,1
3/12/2018,Monday,10:36:03 AM,1025,1.50875,103.68927,10:39:03 AM,1028,1.49752,103.70058,0.05,1
3/12/2018,Monday,10:39:03 AM,1028,1.49752,103.70058,10:41:03 AM,1031,1.46422,103.73049,0.03333333333333333,1
3/12/2018,Monday,10:41:03 AM,1031,1.46422,103.73049,10:50:04 AM,1035,1.45536,103.76162,0.1502777777777778,1
3/12/2018,Monday,10:50:04 AM,1035,1.45536,103.76162,11:04:00 AM,1036,1.46291,103.76502,0.23222222222222222,1
3/12/2018,Monday,11:16:01 AM,1037,1.46368,103.76511,11:32:02 AM,1043,1.48928,103.71211,0.26694444444444443,2
3/12/2018,Monday,11:32:02 AM,1043,1.48928,103.71211,11:38:03 AM,1046,1.50798,103.68946,0.10027777777777777,2
3/12/2018,Monday,11:38:03 AM,1046,1.50798,103.68946,11:41:03 AM,1048,1.52346,103.67885,0.05,2
3/12/2018,Monday,11:41:03 AM,1048,1.52346,103.67885,11:45:03 AM,1053,1.54336,103.65799,0.06666666666666667,2
3/12/2018,Monday,11:45:03 AM,1053,1.54336,103.65799,11:56:04 AM,1057,1.60179,103.6451,0.1836111111111111,2
3/12/2018,Monday,11:56:04 AM,1057,1.60179,103.6451,11:57:05 AM,1059,1.6125,103.64725,0.016944444444444446,2
3/12/2018,Monday,11:57:05 AM,1059,1.6125,103.64725,12:01:00 PM,1062,1.63145,103.63483,0.06527777777777778,2
3/12/2018,Monday,12:01:00 PM,1062,1.63145,103.63483,12:45:03 PM,1071,1.66246,103.59877,0.3169444444444444,2
3/12/2018,Monday,12:45:03 PM,1000,1.66246,103.59877,12:46:04 PM,1001,1.6613,103.60363,0.016944444444444446,1
3/12/2018,Monday,12:46:04 PM,1001,1.6613,103.60363,12:50:04 PM,1003,1.65196,103.61057,0.06666666666666667,1
3/12/2018,Monday,12:50:04 PM,1003,1.65196,103.61057,12:52:04 PM,1005,1.64478,103.61739,0.03333333333333333,1
3/12/2018,Monday,12:52:04 PM,1005,1.64478,103.61739,12:55:04 PM,1006,1.64063,103.62349,0.05,1
3/12/2018,Monday,12:55:04 PM,1006,1.64063,103.62349,12:58:05 PM,1007,1.63511,103.63069,0.050277777777777775,1
3/12/2018,Monday,12:58:05 PM,1007,1.63511,103.63069,1:10:00 PM,1012,1.60172,103.64516,0.1986111111111111,1
3/12/2018,Monday,1:10:00 PM,1012,1.60172,103.64516,1:17:01 PM,1022,1.52329,103.67911,0.11694444444444445,1
3/12/2018,Monday,1:17:01 PM,1022,1.52329,103.67911,1:18:01 PM,1027,1.49817,103.69963,0.016666666666666666,1
3/12/2018,Monday,1:18:01 PM,1027,1.49817,103.69963,1:25:02 PM,1029,1.4895,103.71217,0.11694444444444445,1
3/12/2018,Monday,1:25:02 PM,1029,1.4895,103.71217,1:52:04 PM,1036,1.46264,103.76566,0.33111111111111113,1
3/12/2018,Monday,1:52:04 PM,1037,1.46264,103.76566,1:59:05 PM,1041,1.46208,103.73239,0.11694444444444445,2
3/12/2018,Monday,1:59:05 PM,1041,1.46208,103.73239,2:09:00 PM,1046,1.50798,103.68946,0.16527777777777777,2
3/12/2018,Monday,2:09:00 PM,1046,1.50798,103.68946,2:13:01 PM,1051,1.53757,103.66255,0.06694444444444445,2
3/12/2018,Monday,2:13:01 PM,1051,1.53757,103.66255,2:16:01 PM,1052,1.53976,103.66047,0.05,2
3/12/2018,Monday,2:16:01 PM,1052,1.53976,103.66047,2:18:01 PM,1053,1.54567,103.65716,0.03333333333333333,2
3/12/2018,Monday,2:18:01 PM,1053,1.54567,103.65716,2:29:02 PM,1057,1.60179,103.6451,0.1836111111111111,2
3/12/2018,Monday,2:29:02 PM,1057,1.60179,103.6451,2:30:02 PM,1061,1.62884,103.6377,0.016666666666666666,2
3/12/2018,Monday,2:30:02 PM,1061,1.62884,103.6377,2:33:02 PM,1064,1.63491,103.63076,0.05,2
3/12/2018,Monday,2:33:02 PM,1064,1.63491,103.63076,2:52:04 PM,1071,1.66246,103.59877,0.31722222222222224,2
3/12/2018,Monday,3:14:01 PM,1000,1.66246,103.59877,3:15:01 PM,1001,1.66176,103.60205,0.016666666666666666,1
3/12/2018,Monday,3:15:01 PM,1001,1.66176,103.60205,3:19:01 PM,1003,1.65196,103.61057,0.06666666666666667,1
3/12/2018,Monday,3:19:01 PM,1003,1.65196,103.61057,3:25:02 PM,1006,1.63998,103.62432,0.10027777777777777,1
3/12/2018,Monday,3:25:02 PM,1006,1.63998,103.62432,3:34:02 PM,1012,1.60001,103.64481,0.15,1
3/12/2018,Monday,3:34:02 PM,1012,1.60001,103.64481,3:36:03 PM,1013,1.59686,103.64542,0.03361111111111111,1
3/12/2018,Monday,3:36:03 PM,1013,1.59686,103.64542,3:43:03 PM,1018,1.54469,103.65764,0.11666666666666667,1
3/12/2018,Monday,3:43:03 PM,1018,1.54469,103.65764,3:45:03 PM,1019,1.54127,103.65929,0.03333333333333333,1
3/12/2018,Monday,3:45:03 PM,1019,1.54127,103.65929,3:46:04 PM,1020,1.53722,103.6632,0.016944444444444446,1
3/12/2018,Monday,3:46:04 PM,1020,1.53722,103.6632,3:48:04 PM,1021,1.5284,103.67051,0.03333333333333333,1
3/12/2018,Monday,3:48:04 PM,1021,1.5284,103.67051,3:53:04 PM,1025,1.50969,103.68867,0.08333333333333333,1
3/12/2018,Monday,3:53:04 PM,1025,1.50969,103.68867,3:56:04 PM,1027,1.49967,103.69743,0.05,1
3/12/2018,Monday,3:56:04 PM,1027,1.49967,103.69743,3:59:05 PM,1028,1.497,103.70157,0.050277777777777775,1
3/12/2018,Monday,3:59:05 PM,1028,1.497,103.70157,4:01:00 PM,1029,1.48988,103.71159,0.03194444444444444,1
3/12/2018,Monday,4:01:00 PM,1029,1.48988,103.71159,4:06:00 PM,1031,1.46267,103.73198,0.08333333333333333,1
3/12/2018,Monday,4:06:00 PM,1031,1.46267,103.73198,4:17:01 PM,1036,1.46291,103.76502,0.1836111111111111,1
3/12/2018,Monday,4:22:01 PM,1037,1.46368,103.76511,7:28:02 PM,1041,1.46324,103.73126,3.100277777777778,2
3/12/2018,Monday,7:28:02 PM,1041,1.46324,103.73126,7:43:03 PM,1042,1.47297,103.72512,0.25027777777777777,2
3/12/2018,Monday,7:43:03 PM,1042,1.47297,103.72512,7:46:04 PM,1043,1.48867,103.71298,0.050277777777777775,2
3/12/2018,Monday,7:46:04 PM,1043,1.48867,103.71298,7:49:04 PM,1046,1.50711,103.68998,0.05,2
3/12/2018,Monday,7:49:04 PM,1046,1.50711,103.68998,7:51:04 PM,1048,1.52397,103.67846,0.03333333333333333,2
3/12/2018,Monday,7:51:04 PM,1048,1.52397,103.67846,7:53:04 PM,1050,1.53419,103.66544,0.03333333333333333,2
3/12/2018,Monday,7:53:04 PM,1050,1.53419,103.66544,7:56:05 PM,1051,1.53757,103.66255,0.050277777777777775,2
3/12/2018,Monday,7:56:05 PM,1051,1.53757,103.66255,7:58:05 PM,1057,1.60179,103.6451,0.03333333333333333,2
3/12/2018,Monday,7:58:05 PM,1057,1.60179,103.6451,8:02:00 PM,1059,1.6125,103.64725,0.06527777777777778,2
3/12/2018,Monday,8:02:00 PM,1059,1.6125,103.64725,8:08:00 PM,1071,1.66272,103.59968,0.1,2
5/12/2018,Wednesday,7:39:03 AM,1000,1.66246,103.59877,7:41:03 AM,1001,1.6613,103.60363,0.03333333333333333,1
5/12/2018,Wednesday,7:41:03 AM,1001,1.6613,103.60363,7:47:04 AM,1003,1.65093,103.61135,0.10027777777777777,1
5/12/2018,Wednesday,7:47:04 AM,1003,1.65093,103.61135,7:48:04 AM,1004,1.64837,103.61323,0.016666666666666666,1
5/12/2018,Wednesday,7:48:04 AM,1004,1.64837,103.61323,7:49:04 AM,1005,1.64534,103.61631,0.016666666666666666,1
5/12/2018,Wednesday,7:49:04 AM,1005,1.64534,103.61631,7:51:04 AM,1006,1.63998,103.62432,0.03333333333333333,1
5/12/2018,Wednesday,7:51:04 AM,1006,1.63998,103.62432,7:55:04 AM,1007,1.63511,103.63069,0.06666666666666667,1
5/12/2018,Wednesday,7:55:04 AM,1007,1.63511,103.63069,8:09:00 AM,1012,1.60172,103.64516,0.23222222222222222,1
5/12/2018,Wednesday,8:09:00 AM,1012,1.60172,103.64516,8:12:01 AM,1018,1.54469,103.65764,0.050277777777777775,1
5/12/2018,Wednesday,8:12:01 AM,1018,1.54469,103.65764,8:13:01 AM,1019,1.54042,103.66,0.016666666666666666,1
5/12/2018,Wednesday,8:13:01 AM,1019,1.54042,103.66,8:14:01 AM,1020,1.53511,103.66506,0.016666666666666666,1
5/12/2018,Wednesday,8:14:01 AM,1020,1.53511,103.66506,8:16:01 AM,1021,1.5284,103.67051,0.03333333333333333,1
5/12/2018,Wednesday,8:16:01 AM,1021,1.5284,103.67051,8:25:02 AM,1025,1.50795,103.68976,0.1502777777777778,1
5/12/2018,Wednesday,8:25:02 AM,1025,1.50795,103.68976,8:27:02 AM,1026,1.50006,103.69686,0.03333333333333333,1
5/12/2018,Wednesday,8:27:02 AM,1026,1.50006,103.69686,8:28:02 AM,1028,1.497,103.70157,0.016666666666666666,1
5/12/2018,Wednesday,8:28:02 AM,1028,1.497,103.70157,8:31:02 AM,1029,1.48895,103.71283,0.05,1
5/12/2018,Wednesday,8:31:02 AM,1029,1.48895,103.71283,8:35:03 AM,1031,1.46267,103.73198,0.06694444444444445,1
5/12/2018,Wednesday,8:35:03 AM,1031,1.46267,103.73198,8:38:03 AM,1033,1.45712,103.74788,0.05,1
5/12/2018,Wednesday,8:38:03 AM,1033,1.45712,103.74788,8:43:03 AM,1035,1.45517,103.76089,0.08333333333333333,1
5/12/2018,Wednesday,8:43:03 AM,1035,1.45517,103.76089,3:50:03 PM,1036,1.46264,103.76566,0.1663888888888889,1
5/12/2018,Wednesday,3:50:03 PM,1037,1.46264,103.76566,4:00:00 PM,1042,1.47246,103.72525,0.16583333333333333,2
5/12/2018,Wednesday,4:00:00 PM,1042,1.47246,103.72525,4:22:01 PM,1053,1.5448,103.65738,0.36694444444444446,2
5/12/2018,Wednesday,4:22:01 PM,1053,1.5448,103.65738,4:27:02 PM,1057,1.60179,103.6451,0.08361111111111111,2
5/12/2018,Wednesday,4:27:02 PM,1057,1.60179,103.6451,4:32:02 PM,1059,1.61283,103.64722,0.08333333333333333,2
5/12/2018,Wednesday,4:32:02 PM,1059,1.61283,103.64722,4:57:05 PM,1071,1.66272,103.59971,0.30083333333333334,2
5/12/2018,Wednesday,4:57:05 PM,1000,1.66272,103.59971,4:58:05 PM,1001,1.6613,103.60363,0.016666666666666666,1
5/12/2018,Wednesday,4:58:05 PM,1001,1.6613,103.60363,5:02:00 PM,1003,1.65093,103.61135,0.06527777777777778,1
5/12/2018,Wednesday,5:02:00 PM,1003,1.65093,103.61135,5:04:00 PM,1004,1.64716,103.61413,0.03333333333333333,1
5/12/2018,Wednesday,5:04:00 PM,1004,1.64716,103.61413,5:05:00 PM,1005,1.64478,103.61739,0.016666666666666666,1
5/12/2018,Wednesday,5:05:00 PM,1005,1.64478,103.61739,5:24:02 PM,1021,1.5292,103.66949,0.31722222222222224,1
5/12/2018,Wednesday,5:24:02 PM,1021,1.5292,103.66949,5:28:02 PM,1022,1.52329,103.67911,0.06666666666666667,1
5/12/2018,Wednesday,5:28:02 PM,1022,1.52329,103.67911,5:30:02 PM,1024,1.5124,103.68678,0.03333333333333333,1
5/12/2018,Wednesday,5:30:02 PM,1024,1.5124,103.68678,5:35:03 PM,1028,1.49729,103.70112,0.08361111111111111,1
5/12/2018,Wednesday,5:35:03 PM,1028,1.49729,103.70112,5:38:03 PM,1029,1.48895,103.71283,0.05,1
5/12/2018,Wednesday,5:38:03 PM,1029,1.48895,103.71283,6:10:00 PM,1036,1.46264,103.76566,0.33361111111111114,1
5/12/2018,Wednesday,6:10:00 PM,1037,1.46264,103.76566,6:20:01 PM,1042,1.47246,103.72525,0.16694444444444445,2
5/12/2018,Wednesday,6:20:01 PM,1042,1.47246,103.72525,6:27:02 PM,1043,1.48867,103.71298,0.11694444444444445,2
5/12/2018,Wednesday,6:27:02 PM,1043,1.48867,103.71298,6:39:03 PM,1046,1.50847,103.68906,0.20027777777777778,2
5/12/2018,Wednesday,6:39:03 PM,1046,1.50847,103.68906,6:43:03 PM,1048,1.52346,103.67885,0.06666666666666667,2
5/12/2018,Wednesday,6:43:03 PM,1048,1.52346,103.67885,6:46:04 PM,1051,1.53757,103.66255,0.050277777777777775,2
5/12/2018,Wednesday,6:46:04 PM,1051,1.53757,103.66255,6:51:04 PM,1053,1.5448,103.65738,0.08333333333333333,2
5/12/2018,Wednesday,6:51:04 PM,1053,1.5448,103.65738,7:03:00 PM,1057,1.60032,103.64469,0.1988888888888889,2
5/12/2018,Wednesday,7:03:00 PM,1057,1.60032,103.64469,7:04:00 PM,1058,1.60434,103.64713,0.016666666666666666,2
5/12/2018,Wednesday,7:04:00 PM,1058,1.60434,103.64713,7:28:02 PM,1071,1.66246,103.59877,0.40055555555555555,2
6/12/2018,Thursday,7:34:02 AM,1000,1.66246,103.59877,7:36:03 AM,1001,1.6613,103.60363,0.03361111111111111,1
6/12/2018,Thursday,7:36:03 AM,1001,1.6613,103.60363,7:40:03 AM,1002,1.65305,103.61006,0.06666666666666667,1
6/12/2018,Thursday,7:40:03 AM,1002,1.65305,103.61006,7:41:03 AM,1003,1.65093,103.61135,0.016666666666666666,1
6/12/2018,Thursday,7:41:03 AM,1003,1.65093,103.61135,7:46:04 AM,1006,1.63933,103.62515,0.08361111111111111,1
6/12/2018,Thursday,7:46:04 AM,1006,1.63933,103.62515,7:47:04 AM,1007,1.63528,103.63046,0.016666666666666666,1
6/12/2018,Thursday,7:47:04 AM,1007,1.63528,103.63046,7:49:04 AM,1008,1.63192,103.63446,0.03333333333333333,1
6/12/2018,Thursday,7:49:04 AM,1008,1.63192,103.63446,7:55:04 AM,1012,1.60001,103.64481,0.1,1
6/12/2018,Thursday,7:55:04 AM,1012,1.60001,103.64481,7:57:04 AM,1013,1.59686,103.64542,0.03333333333333333,1
6/12/2018,Thursday,7:57:04 AM,1013,1.59686,103.64542,8:04:00 AM,1018,1.54469,103.65764,0.11555555555555555,1
6/12/2018,Thursday,8:04:00 AM,1018,1.54469,103.65764,8:05:00 AM,1019,1.54042,103.66,0.016666666666666666,1
6/12/2018,Thursday,8:05:00 AM,1019,1.54042,103.66,8:07:00 AM,1021,1.5284,103.67051,0.03333333333333333,1
6/12/2018,Thursday,8:07:00 AM,1021,1.5284,103.67051,8:14:01 AM,1025,1.50875,103.68927,0.11694444444444445,1
6/12/2018,Thursday,8:14:01 AM,1025,1.50875,103.68927,8:16:01 AM,1027,1.49967,103.69743,0.03333333333333333,1
6/12/2018,Thursday,8:16:01 AM,1027,1.49967,103.69743,8:17:01 AM,1028,1.49616,103.7028,0.016666666666666666,1
6/12/2018,Thursday,8:17:01 AM,1028,1.49616,103.7028,8:31:02 AM,1035,1.45517,103.76089,0.2336111111111111,1
6/12/2018,Thursday,8:31:02 AM,1035,1.45517,103.76089,8:47:04 AM,1036,1.46264,103.76566,0.05,1
6/12/2018,Thursday,8:47:04 AM,1037,1.46264,103.76566,8:58:05 AM,1045,1.49708,103.70086,0.1836111111111111,2
6/12/2018,Thursday,8:58:05 AM,1045,1.49708,103.70086,9:01:00 AM,1046,1.50798,103.68946,0.04861111111111111,2
6/12/2018,Thursday,9:01:00 AM,1046,1.50798,103.68946,9:04:00 AM,1048,1.52346,103.67885,0.05,2
6/12/2018,Thursday,9:04:00 AM,1048,1.52346,103.67885,9:06:00 AM,1050,1.53419,103.66544,0.03333333333333333,2
6/12/2018,Thursday,9:06:00 AM,1050,1.53419,103.66544,9:07:00 AM,1052,1.53976,103.66047,0.016666666666666666,2
6/12/2018,Thursday,9:07:00 AM,1052,1.53976,103.66047,9:15:01 AM,1057,1.59977,103.64476,0.13361111111111112,2
6/12/2018,Thursday,9:15:01 AM,1057,1.59977,103.64476,9:34:03 AM,1071,1.66246,103.59877,0.31722222222222224,2
6/12/2018,Thursday,10:10:00 AM,1000,1.66246,103.59877,10:12:01 AM,1001,1.6613,103.60363,0.03361111111111111,1
6/12/2018,Thursday,10:12:01 AM,1001,1.6613,103.60363,10:15:01 AM,1003,1.65093,103.61135,0.05,1
6/12/2018,Thursday,10:15:01 AM,1003,1.65093,103.61135,10:16:01 AM,1004,1.64837,103.61323,0.016666666666666666,1
6/12/2018,Thursday,10:16:01 AM,1004,1.64837,103.61323,10:19:01 AM,1006,1.63933,103.62515,0.05,1
6/12/2018,Thursday,10:19:01 AM,1006,1.63933,103.62515,10:21:01 AM,1008,1.63311,103.63311,0.03333333333333333,1
6/12/2018,Thursday,10:21:01 AM,1008,1.63311,103.63311,10:26:02 AM,1012,1.60184,103.64521,0.08361111111111111,1
6/12/2018,Thursday,10:26:02 AM,1012,1.60184,103.64521,10:28:02 AM,1014,1.59167,103.64761,0.03333333333333333,1
6/12/2018,Thursday,10:28:02 AM,1014,1.59167,103.64761,10:34:03 AM,1021,1.5292,103.66949,0.10027777777777777,1
6/12/2018,Thursday,10:34:03 AM,1021,1.5292,103.66949,10:39:03 AM,1022,1.52329,103.67911,0.08333333333333333,1
6/12/2018,Thursday,10:39:03 AM,1022,1.52329,103.67911,10:45:04 AM,1026,1.50093,103.69567,0.10027777777777777,1
6/12/2018,Thursday,10:45:04 AM,1026,1.50093,103.69567,10:46:04 AM,1027,1.49817,103.69963,0.016666666666666666,1
6/12/2018,Thursday,10:46:04 AM,1027,1.49817,103.69963,10:49:04 AM,1029,1.4895,103.71217,0.05,1
6/12/2018,Thursday,10:49:04 AM,1029,1.4895,103.71217,10:53:04 AM,1031,1.46422,103.73049,0.06666666666666667,1
6/12/2018,Thursday,10:53:04 AM,1031,1.46422,103.73049,10:54:04 AM,1032,1.45948,103.73848,0.016666666666666666,1
6/12/2018,Thursday,10:54:04 AM,1032,1.45948,103.73848,11:00:00 AM,1035,1.45579,103.76312,0.09888888888888889,1
6/12/2018,Thursday,11:00:00 AM,1035,1.45579,103.76312,11:18:01 AM,1036,1.46264,103.76566,0.13333333333333333,1
6/12/2018,Thursday,11:18:01 AM,1037,1.46264,103.76566,11:20:01 AM,1038,1.45439,103.7588,0.03333333333333333,2
6/12/2018,Thursday,11:20:01 AM,1038,1.45439,103.7588,11:25:02 AM,1041,1.46208,103.73239,0.08361111111111111,2
6/12/2018,Thursday,11:25:02 AM,1041,1.46208,103.73239,11:29:02 AM,1045,1.49608,103.70214,0.06666666666666667,2
6/12/2018,Thursday,11:29:02 AM,1045,1.49608,103.70214,11:32:02 AM,1046,1.50798,103.68946,0.05,2
6/12/2018,Thursday,11:32:02 AM,1046,1.50798,103.68946,11:35:03 AM,1048,1.52397,103.67846,0.050277777777777775,2
6/12/2018,Thursday,11:35:03 AM,1048,1.52397,103.67846,11:41:03 AM,1051,1.53757,103.66255,0.1,2
6/12/2018,Thursday,11:41:03 AM,1051,1.53757,103.66255,11:47:04 AM,1057,1.60179,103.6451,0.10027777777777777,2
6/12/2018,Thursday,11:47:04 AM,1057,1.60179,103.6451,11:48:04 AM,1059,1.61283,103.64722,0.016666666666666666,2
6/12/2018,Thursday,11:48:04 AM,1059,1.61283,103.64722,12:05:00 PM,1071,1.66246,103.59877,0.2822222222222222,2
6/12/2018,Thursday,12:28:02 PM,1000,1.66246,103.59877,12:31:02 PM,1001,1.66113,103.60413,0.05,1
6/12/2018,Thursday,12:31:02 PM,1001,1.66113,103.60413,12:34:03 PM,1002,1.65305,103.61006,0.050277777777777775,1
6/12/2018,Thursday,12:34:03 PM,1002,1.65305,103.61006,12:35:03 PM,1003,1.65093,103.61135,0.016666666666666666,1
6/12/2018,Thursday,12:35:03 PM,1003,1.65093,103.61135,12:38:03 PM,1005,1.64478,103.61739,0.05,1
6/12/2018,Thursday,12:38:03 PM,1005,1.64478,103.61739,12:40:03 PM,1006,1.63933,103.62515,0.03333333333333333,1
6/12/2018,Thursday,12:40:03 PM,1006,1.63933,103.62515,12:41:03 PM,1007,1.63511,103.63069,0.016666666666666666,1
6/12/2018,Thursday,12:41:03 PM,1007,1.63511,103.63069,12:43:03 PM,1009,1.62797,103.63869,0.03333333333333333,1
6/12/2018,Thursday,12:43:03 PM,1009,1.62797,103.63869,12:51:04 PM,1012,1.60172,103.64516,0.13361111111111112,1
6/12/2018,Thursday,12:51:04 PM,1012,1.60172,103.64516,12:55:04 PM,1021,1.5292,103.66949,0.06666666666666667,1
6/12/2018,Thursday,12:55:04 PM,1021,1.5292,103.66949,1:00:00 PM,1022,1.52329,103.67911,0.08222222222222222,1
6/12/2018,Thursday,1:00:00 PM,1022,1.52329,103.67911,1:03:00 PM,1024,1.51103,103.68775,0.05,1
6/12/2018,Thursday,1:03:00 PM,1024,1.51103,103.68775,1:05:00 PM,1025,1.50763,103.68991,0.03333333333333333,1
6/12/2018,Thursday,1:05:00 PM,1025,1.50763,103.68991,1:10:00 PM,1029,1.4895,103.71217,0.08333333333333333,1
6/12/2018,Thursday,1:10:00 PM,1029,1.4895,103.71217,1:42:03 PM,1036,1.46264,103.76566,0.2338888888888889,1
6/12/2018,Thursday,1:42:03 PM,1037,1.46264,103.76566,1:44:04 PM,1038,1.45458,103.75971,0.03361111111111111,2
6/12/2018,Thursday,1:44:04 PM,1038,1.45458,103.75971,1:47:04 PM,1040,1.45941,103.73819,0.05,2
6/12/2018,Thursday,1:47:04 PM,1040,1.45941,103.73819,1:48:04 PM,1048,1.52346,103.67885,0.016666666666666666,2
6/12/2018,Thursday,1:48:04 PM,1048,1.52346,103.67885,2:11:00 PM,1053,1.54364,103.65788,0.38222222222222224,2
6/12/2018,Thursday,2:11:00 PM,1053,1.54364,103.65788,2:21:01 PM,1057,1.60032,103.64469,0.16694444444444445,2
6/12/2018,Thursday,2:21:01 PM,1057,1.60032,103.64469,2:24:02 PM,1059,1.61455,103.64708,0.050277777777777775,2
6/12/2018,Thursday,2:24:02 PM,1059,1.61455,103.64708,2:44:03 PM,1071,1.66246,103.59877,0.33361111111111114,2
6/12/2018,Thursday,3:07:00 PM,1000,1.66246,103.59877,3:10:00 PM,1002,1.65518,103.60936,0.05,1
6/12/2018,Thursday,3:10:00 PM,1002,1.65518,103.60936,3:11:01 PM,1003,1.65093,103.61135,0.016944444444444446,1
6/12/2018,Thursday,3:11:01 PM,1003,1.65093,103.61135,3:13:01 PM,1005,1.64478,103.61739,0.03333333333333333,1
6/12/2018,Thursday,3:13:01 PM,1005,1.64478,103.61739,3:15:01 PM,1006,1.63933,103.62515,0.03333333333333333,1
6/12/2018,Thursday,3:15:01 PM,1006,1.63933,103.62515,3:17:01 PM,1007,1.63511,103.63069,0.03333333333333333,1
6/12/2018,Thursday,3:17:01 PM,1007,1.63511,103.63069,3:24:02 PM,1012,1.60001,103.64481,0.11694444444444445,1
6/12/2018,Thursday,3:24:02 PM,1012,1.60001,103.64481,3:25:02 PM,1013,1.59537,103.64579,0.016666666666666666,1
6/12/2018,Thursday,3:25:02 PM,1013,1.59537,103.64579,3:34:03 PM,1019,1.53954,103.66081,0.1502777777777778,1
6/12/2018,Thursday,3:34:03 PM,1019,1.53954,103.66081,3:36:03 PM,1021,1.5284,103.67051,0.03333333333333333,1
6/12/2018,Thursday,3:36:03 PM,1021,1.5284,103.67051,3:38:03 PM,1023,1.51888,103.68223,0.03333333333333333,1
6/12/2018,Thursday,3:38:03 PM,1023,1.51888,103.68223,3:41:03 PM,1024,1.51085,103.68789,0.05,1
6/12/2018,Thursday,3:41:03 PM,1024,1.51085,103.68789,3:42:03 PM,1025,1.50795,103.68976,0.016666666666666666,1
6/12/2018,Thursday,3:42:03 PM,1025,1.50795,103.68976,3:43:03 PM,1026,1.50191,103.69445,0.016666666666666666,1
6/12/2018,Thursday,3:43:03 PM,1026,1.50191,103.69445,3:44:03 PM,1028,1.49708,103.70145,0.016666666666666666,1
6/12/2018,Thursday,3:44:03 PM,1028,1.49708,103.70145,3:46:04 PM,1029,1.4895,103.71217,0.03361111111111111,1
6/12/2018,Thursday,3:46:04 PM,1029,1.4895,103.71217,3:51:04 PM,1033,1.45738,103.74684,0.08333333333333333,1
6/12/2018,Thursday,3:51:04 PM,1033,1.45738,103.74684,3:56:04 PM,1035,1.45517,103.76089,0.08333333333333333,1
6/12/2018,Thursday,3:56:04 PM,1035,1.45517,103.76089,3:59:05 PM,1036,1.46291,103.76502,0.050277777777777775,1
6/12/2018,Thursday,6:12:01 PM,1037,1.46368,103.76511,6:21:01 PM,1041,1.46208,103.73239,0.15,2
6/12/2018,Thursday,6:21:01 PM,1041,1.46208,103.73239,6:22:01 PM,1048,1.52346,103.67885,0.016666666666666666,2
6/12/2018,Thursday,6:22:01 PM,1048,1.52346,103.67885,6:37:03 PM,1049,1.52833,103.6703,0.25055555555555553,2
6/12/2018,Thursday,6:37:03 PM,1049,1.52833,103.6703,6:41:03 PM,1051,1.53757,103.66255,0.06666666666666667,2
6/12/2018,Thursday,6:41:03 PM,1051,1.53757,103.66255,6:44:03 PM,1052,1.53976,103.66047,0.05,2
6/12/2018,Thursday,6:44:03 PM,1052,1.53976,103.66047,6:46:04 PM,1053,1.54567,103.65716,0.03361111111111111,2
6/12/2018,Thursday,6:46:04 PM,1053,1.54567,103.65716,6:57:05 PM,1057,1.60194,103.64516,0.1836111111111111,2
6/12/2018,Thursday,6:57:05 PM,1057,1.60194,103.64516,6:58:05 PM,1059,1.61283,103.64722,0.016666666666666666,2
6/12/2018,Thursday,6:58:05 PM,1059,1.61283,103.64722,7:01:00 PM,1061,1.62884,103.6377,0.04861111111111111,2
6/12/2018,Thursday,7:01:00 PM,1061,1.62884,103.6377,7:04:00 PM,1062,1.63145,103.63483,0.05,2
6/12/2018,Thursday,7:04:00 PM,1062,1.63145,103.63483,7:06:00 PM,1064,1.63491,103.63076,0.03333333333333333,2
6/12/2018,Thursday,7:06:00 PM,1064,1.63491,103.63076,7:11:00 PM,1065,1.64042,103.62361,0.08333333333333333,2
6/12/2018,Thursday,7:11:00 PM,1065,1.64042,103.62361,7:12:01 PM,1067,1.6483,103.61312,0.016944444444444446,2
6/12/2018,Thursday,7:12:01 PM,1067,1.6483,103.61312,7:13:01 PM,1068,1.65071,103.61132,0.016666666666666666,2
6/12/2018,Thursday,7:13:01 PM,1068,1.65071,103.61132,7:14:01 PM,1069,1.65415,103.60958,0.016666666666666666,2
6/12/2018,Thursday,7:14:01 PM,1069,1.65415,103.60958,7:19:01 PM,1071,1.66246,103.59877,0.08333333333333333,2
7/12/2018,Friday,7:20:14 AM,1000,1.66246,103.59877,7:22:14 AM,1001,1.66155,103.60257,0.03333333333333333,1
7/12/2018,Friday,7:22:14 AM,1001,1.66155,103.60257,7:25:14 AM,1002,1.65305,103.61006,0.05,1
7/12/2018,Friday,7:25:14 AM,1002,1.65305,103.61006,7:26:15 AM,1003,1.65196,103.61057,0.016944444444444446,1
7/12/2018,Friday,7:26:15 AM,1003,1.65196,103.61057,7:27:15 AM,1005,1.64478,103.61739,0.016666666666666666,1
7/12/2018,Friday,7:27:15 AM,1005,1.64478,103.61739,7:30:15 AM,1006,1.63933,103.62515,0.05,1
7/12/2018,Friday,7:30:15 AM,1006,1.63933,103.62515,7:33:15 AM,1007,1.63511,103.63069,0.05,1
7/12/2018,Friday,7:33:15 AM,1007,1.63511,103.63069,7:34:15 AM,1008,1.63192,103.63446,0.016666666666666666,1
7/12/2018,Friday,7:34:15 AM,1008,1.63192,103.63446,7:44:16 AM,1012,1.60172,103.64516,0.16694444444444445,1
7/12/2018,Friday,7:44:16 AM,1012,1.60172,103.64516,7:46:16 AM,1018,1.54514,103.65748,0.03333333333333333,1
7/12/2018,Friday,7:46:16 AM,1018,1.54514,103.65748,7:48:17 AM,1020,1.53572,103.6646,0.03361111111111111,1
7/12/2018,Friday,7:48:17 AM,1020,1.53572,103.6646,7:49:17 AM,1021,1.5284,103.67051,0.016666666666666666,1
7/12/2018,Friday,7:49:17 AM,1021,1.5284,103.67051,7:51:17 AM,1022,1.52329,103.67911,0.03333333333333333,1
7/12/2018,Friday,7:51:17 AM,1022,1.52329,103.67911,7:57:17 AM,1026,1.50093,103.69567,0.1,1
7/12/2018,Friday,7:57:17 AM,1026,1.50093,103.69567,7:58:17 AM,1027,1.49894,103.6985,0.016666666666666666,1
7/12/2018,Friday,7:58:17 AM,1027,1.49894,103.6985,7:59:18 AM,1028,1.49616,103.7028,0.016944444444444446,1
7/12/2018,Friday,7:59:18 AM,1028,1.49616,103.7028,8:00:00 AM,1031,1.46422,103.73049,0.011666666666666667,1
7/12/2018,Friday,8:00:00 AM,1031,1.46422,103.73049,8:08:00 AM,1035,1.45536,103.76162,0.13333333333333333,1
7/12/2018,Friday,8:08:00 AM,1035,1.45536,103.76162,8:31:02 AM,1036,1.46434,103.7641,0.06694444444444445,1
7/12/2018,Friday,8:31:02 AM,1037,1.46434,103.7641,8:48:04 AM,1046,1.50847,103.68906,0.2838888888888889,2
7/12/2018,Friday,8:48:04 AM,1046,1.50847,103.68906,8:49:04 AM,1047,1.51536,103.6845,0.016666666666666666,2
7/12/2018,Friday,8:49:04 AM,1047,1.51536,103.6845,8:51:04 AM,1048,1.52346,103.67885,0.03333333333333333,2
7/12/2018,Friday,8:51:04 AM,1048,1.52346,103.67885,8:52:04 AM,1051,1.53757,103.66255,0.016666666666666666,2
7/12/2018,Friday,8:52:04 AM,1051,1.53757,103.66255,8:55:04 AM,1052,1.53976,103.66047,0.05,2
7/12/2018,Friday,8:55:04 AM,1052,1.53976,103.66047,8:56:04 AM,1053,1.54364,103.65788,0.016666666666666666,2
7/12/2018,Friday,8:56:04 AM,1053,1.54364,103.65788,9:06:00 AM,1057,1.60179,103.6451,0.16555555555555557,2
7/12/2018,Friday,9:06:00 AM,1057,1.60179,103.6451,9:07:00 AM,1059,1.61401,103.64715,0.016666666666666666,2
7/12/2018,Friday,9:07:00 AM,1059,1.61401,103.64715,9:09:00 AM,1061,1.62884,103.6377,0.03333333333333333,2
7/12/2018,Friday,9:09:00 AM,1061,1.62884,103.6377,9:27:02 AM,1071,1.66246,103.59877,0.3005555555555556,2
7/12/2018,Friday,9:44:03 AM,1000,1.66246,103.59877,9:46:04 AM,1001,1.6613,103.60363,0.03361111111111111,1
7/12/2018,Friday,9:46:04 AM,1001,1.6613,103.60363,9:50:04 AM,1002,1.65305,103.61006,0.06666666666666667,1
7/12/2018,Friday,9:50:04 AM,1002,1.65305,103.61006,9:51:04 AM,1003,1.65196,103.61057,0.016666666666666666,1
7/12/2018,Friday,9:51:04 AM,1003,1.65196,103.61057,9:54:04 AM,1006,1.63998,103.62432,0.05,1
7/12/2018,Friday,9:54:04 AM,1006,1.63998,103.62432,9:58:05 AM,1008,1.63192,103.63446,0.06694444444444445,1
7/12/2018,Friday,9:58:05 AM,1008,1.63192,103.63446,9:59:05 AM,1009,1.62756,103.63915,0.016666666666666666,1
7/12/2018,Friday,9:59:05 AM,1009,1.62756,103.63915,10:06:00 AM,1014,1.59167,103.64761,0.11527777777777778,1
7/12/2018,Friday,10:06:00 AM,1014,1.59167,103.64761,10:11:01 AM,1018,1.54469,103.65764,0.08361111111111111,1
7/12/2018,Friday,10:11:01 AM,1018,1.54469,103.65764,10:12:01 AM,1019,1.54127,103.65929,0.016666666666666666,1
7/12/2018,Friday,10:12:01 AM,1019,1.54127,103.65929,10:16:01 AM,1021,1.52814,103.67076,0.06666666666666667,1
7/12/2018,Friday,10:16:01 AM,1021,1.52814,103.67076,10:17:01 AM,1022,1.52329,103.67911,0.016666666666666666,1
7/12/2018,Friday,10:17:01 AM,1022,1.52329,103.67911,10:18:01 AM,1026,1.50093,103.69567,0.016666666666666666,1
7/12/2018,Friday,10:18:01 AM,1026,1.50093,103.69567,10:23:02 AM,1027,1.49967,103.69743,0.08361111111111111,1
7/12/2018,Friday,10:23:02 AM,1027,1.49967,103.69743,10:24:02 AM,1028,1.497,103.70157,0.016666666666666666,1
7/12/2018,Friday,10:24:02 AM,1028,1.497,103.70157,10:27:02 AM,1029,1.48895,103.71283,0.05,1
7/12/2018,Friday,10:27:02 AM,1029,1.48895,103.71283,10:29:02 AM,1031,1.46267,103.73198,0.03333333333333333,1
7/12/2018,Friday,10:29:02 AM,1031,1.46267,103.73198,10:36:03 AM,1035,1.45536,103.76162,0.11694444444444445,1
7/12/2018,Friday,10:36:03 AM,1035,1.45536,103.76162,10:56:05 AM,1036,1.46434,103.7641,0.08361111111111111,1
7/12/2018,Friday,10:56:05 AM,1037,1.46434,103.7641,10:59:05 AM,1038,1.45458,103.75971,0.05,2
7/12/2018,Friday,10:59:05 AM,1038,1.45458,103.75971,11:02:00 AM,1049,1.52805,103.67071,0.04861111111111111,2
7/12/2018,Friday,11:02:00 AM,1049,1.52805,103.67071,11:17:01 AM,1051,1.53757,103.66255,0.25027777777777777,2
7/12/2018,Friday,11:17:01 AM,1051,1.53757,103.66255,11:19:01 AM,1052,1.53901,103.66115,0.03333333333333333,2
7/12/2018,Friday,11:19:01 AM,1052,1.53901,103.66115,11:28:02 AM,1057,1.60179,103.6451,0.1502777777777778,2
7/12/2018,Friday,11:28:02 AM,1057,1.60179,103.6451,11:29:02 AM,1059,1.61283,103.64722,0.016666666666666666,2
7/12/2018,Friday,11:29:02 AM,1059,1.61283,103.64722,11:32:02 AM,1062,1.63185,103.6344,0.05,2
7/12/2018,Friday,11:32:02 AM,1062,1.63185,103.6344,11:34:03 AM,1064,1.63491,103.63076,0.03361111111111111,2
7/12/2018,Friday,11:34:03 AM,1064,1.63491,103.63076,11:37:03 AM,1065,1.64015,103.62393,0.05,2
7/12/2018,Friday,11:37:03 AM,1065,1.64015,103.62393,11:38:03 AM,1066,1.64465,103.61732,0.016666666666666666,2
7/12/2018,Friday,11:38:03 AM,1066,1.64465,103.61732,11:41:03 AM,1068,1.65187,103.61048,0.05,2
7/12/2018,Friday,11:41:03 AM,1068,1.65187,103.61048,11:43:03 AM,1070,1.66093,103.60407,0.03333333333333333,2
7/12/2018,Friday,11:43:03 AM,1070,1.66093,103.60407,12:16:01 PM,1071,1.66113,103.60413,0.06694444444444445,2
7/12/2018,Friday,12:16:01 PM,1001,1.66113,103.60413,12:21:02 PM,1003,1.65093,103.61135,0.08361111111111111,1
7/12/2018,Friday,12:21:02 PM,1003,1.65093,103.61135,12:22:02 PM,1005,1.64534,103.61631,0.016666666666666666,1
7/12/2018,Friday,12:22:02 PM,1005,1.64534,103.61631,12:24:02 PM,1006,1.63998,103.62432,0.03333333333333333,1
7/12/2018,Friday,12:24:02 PM,1006,1.63998,103.62432,12:26:02 PM,1008,1.63311,103.63311,0.03333333333333333,1
7/12/2018,Friday,12:26:02 PM,1008,1.63311,103.63311,12:28:02 PM,1009,1.62756,103.63915,0.03333333333333333,1
7/12/2018,Friday,12:28:02 PM,1009,1.62756,103.63915,12:33:03 PM,1012,1.60001,103.64481,0.08361111111111111,1
7/12/2018,Friday,12:33:03 PM,1012,1.60001,103.64481,12:34:03 PM,1013,1.59612,103.64546,0.016666666666666666,1
7/12/2018,Friday,12:34:03 PM,1013,1.59612,103.64546,12:42:03 PM,1018,1.54372,103.65801,0.13333333333333333,1
7/12/2018,Friday,12:42:03 PM,1018,1.54372,103.65801,12:43:04 PM,1019,1.53954,103.66081,0.016944444444444446,1
7/12/2018,Friday,12:43:04 PM,1019,1.53954,103.66081,12:44:04 PM,1024,1.51149,103.68743,0.016666666666666666,1
7/12/2018,Friday,12:44:04 PM,1024,1.51149,103.68743,12:48:04 PM,1027,1.49817,103.69963,0.06666666666666667,1
7/12/2018,Friday,12:48:04 PM,1027,1.49817,103.69963,12:52:04 PM,1028,1.49729,103.70112,0.06666666666666667,1
7/12/2018,Friday,12:52:04 PM,1028,1.49729,103.70112,12:54:05 PM,1029,1.4895,103.71217,0.03361111111111111,1
7/12/2018,Friday,12:54:05 PM,1029,1.4895,103.71217,12:58:05 PM,1031,1.46267,103.73198,0.06666666666666667,1
7/12/2018,Friday,12:58:05 PM,1031,1.46267,103.73198,1:01:00 PM,1035,1.45536,103.76162,0.04861111111111111,1
7/12/2018,Friday,1:01:00 PM,1035,1.45536,103.76162,1:18:01 PM,1036,1.46264,103.76566,0.27944444444444444,1
7/12/2018,Friday,1:18:01 PM,1037,1.46264,103.76566,1:24:02 PM,1040,1.4597,103.73692,0.10027777777777777,2
7/12/2018,Friday,1:24:02 PM,1040,1.4597,103.73692,1:27:02 PM,1041,1.46208,103.73239,0.05,2
7/12/2018,Friday,1:27:02 PM,1041,1.46208,103.73239,1:29:02 PM,1043,1.48867,103.71298,0.03333333333333333,2
7/12/2018,Friday,1:29:02 PM,1043,1.48867,103.71298,1:31:02 PM,1045,1.49637,103.70186,0.03333333333333333,2
7/12/2018,Friday,1:31:02 PM,1045,1.49637,103.70186,1:35:03 PM,1046,1.50953,103.68829,0.06694444444444445,2
7/12/2018,Friday,1:35:03 PM,1046,1.50953,103.68829,1:44:03 PM,1051,1.53757,103.66255,0.15,2
7/12/2018,Friday,1:44:03 PM,1051,1.53757,103.66255,1:52:04 PM,1057,1.60179,103.6451,0.13361111111111112,2
7/12/2018,Friday,1:52:04 PM,1057,1.60179,103.6451,1:53:04 PM,1062,1.63145,103.63483,0.016666666666666666,2
7/12/2018,Friday,1:53:04 PM,1062,1.63145,103.63483,2:09:00 PM,1071,1.66246,103.59877,0.26555555555555554,2
7/12/2018,Friday,2:27:02 PM,1000,1.66246,103.59877,2:29:02 PM,1001,1.66155,103.60257,0.03333333333333333,1
7/12/2018,Friday,2:29:02 PM,1001,1.66155,103.60257,2:32:02 PM,1003,1.65093,103.61135,0.05,1
7/12/2018,Friday,2:32:02 PM,1003,1.65093,103.61135,2:34:03 PM,1004,1.64961,103.61234,0.03361111111111111,1
7/12/2018,Friday,2:34:03 PM,1004,1.64961,103.61234,2:36:03 PM,1005,1.64478,103.61739,0.03333333333333333,1
7/12/2018,Friday,2:36:03 PM,1005,1.64478,103.61739,2:38:03 PM,1006,1.63933,103.62515,0.03333333333333333,1
7/12/2018,Friday,2:38:03 PM,1006,1.63933,103.62515,2:39:03 PM,1008,1.63311,103.63311,0.016666666666666666,1
7/12/2018,Friday,2:39:03 PM,1008,1.63311,103.63311,2:45:04 PM,1012,1.60001,103.64481,0.10027777777777777,1
7/12/2018,Friday,2:45:04 PM,1012,1.60001,103.64481,2:46:04 PM,1013,1.59777,103.64556,0.016666666666666666,1
7/12/2018,Friday,2:46:04 PM,1013,1.59777,103.64556,2:47:04 PM,1014,1.59167,103.64761,0.016666666666666666,1
7/12/2018,Friday,2:47:04 PM,1014,1.59167,103.64761,2:53:04 PM,1018,1.54469,103.65764,0.1,1
7/12/2018,Friday,2:53:04 PM,1018,1.54469,103.65764,2:54:04 PM,1019,1.54127,103.65929,0.016666666666666666,1
7/12/2018,Friday,2:54:04 PM,1019,1.54127,103.65929,2:55:04 PM,1020,1.53511,103.66506,0.016666666666666666,1
7/12/2018,Friday,2:55:04 PM,1020,1.53511,103.66506,2:57:05 PM,1021,1.52814,103.67076,0.03361111111111111,1
7/12/2018,Friday,2:57:05 PM,1021,1.52814,103.67076,2:58:05 PM,1022,1.52227,103.67983,0.016666666666666666,1
7/12/2018,Friday,2:58:05 PM,1022,1.52227,103.67983,3:02:00 PM,1025,1.50875,103.68927,0.06527777777777778,1
7/12/2018,Friday,3:02:00 PM,1025,1.50875,103.68927,3:04:00 PM,1027,1.49817,103.69963,0.03333333333333333,1
7/12/2018,Friday,3:04:00 PM,1027,1.49817,103.69963,3:06:00 PM,1029,1.4895,103.71217,0.03333333333333333,1
7/12/2018,Friday,3:06:00 PM,1029,1.4895,103.71217,3:10:00 PM,1031,1.46214,103.73248,0.06666666666666667,1
7/12/2018,Friday,3:10:00 PM,1031,1.46214,103.73248,3:13:01 PM,1035,1.45579,103.76312,0.050277777777777775,1
7/12/2018,Friday,3:13:01 PM,1035,1.45579,103.76312,5:26:02 PM,1036,1.46486,103.7644,0.08333333333333333,1
7/12/2018,Friday,5:26:02 PM,1037,1.46486,103.7644,5:33:02 PM,1040,1.45941,103.73819,0.11666666666666667,2
7/12/2018,Friday,5:33:02 PM,1040,1.45941,103.73819,5:41:03 PM,1045,1.49637,103.70186,0.13361111111111112,2
7/12/2018,Friday,5:41:03 PM,1045,1.49637,103.70186,5:45:03 PM,1046,1.50953,103.68829,0.06666666666666667,2
7/12/2018,Friday,5:45:03 PM,1046,1.50953,103.68829,5:46:04 PM,1047,1.51536,103.6845,0.016944444444444446,2
7/12/2018,Friday,5:46:04 PM,1047,1.51536,103.6845,5:56:04 PM,1051,1.53757,103.66255,0.16666666666666666,2
7/12/2018,Friday,5:56:04 PM,1051,1.53757,103.66255,6:02:00 PM,1057,1.59991,103.64472,0.09888888888888889,2
7/12/2018,Friday,6:02:00 PM,1057,1.59991,103.64472,6:03:00 PM,1058,1.60557,103.64768,0.016666666666666666,2
7/12/2018,Friday,6:03:00 PM,1058,1.60557,103.64768,6:04:00 PM,1059,1.61283,103.64722,0.016666666666666666,2
7/12/2018,Friday,6:04:00 PM,1059,1.61283,103.64722,7:11:01 AM,1071,1.66279,103.59966,0.38416666666666666,2
8/12/2018,Saturday,7:11:01 AM,1000,1.66279,103.59966,7:12:01 AM,1001,1.6613,103.60363,0.016666666666666666,1
8/12/2018,Saturday,7:12:01 AM,1001,1.6613,103.60363,7:15:01 AM,1003,1.65093,103.61135,0.05,1
8/12/2018,Saturday,7:15:01 AM,1003,1.65093,103.61135,7:16:01 AM,1004,1.64961,103.61234,0.016666666666666666,1
8/12/2018,Saturday,7:16:01 AM,1004,1.64961,103.61234,7:21:01 AM,1006,1.63998,103.62432,0.08333333333333333,1
8/12/2018,Saturday,7:21:01 AM,1006,1.63998,103.62432,7:23:02 AM,1007,1.63553,103.63013,0.03361111111111111,1
8/12/2018,Saturday,7:23:02 AM,1007,1.63553,103.63013,7:35:03 AM,1012,1.60172,103.64516,0.20027777777777778,1
8/12/2018,Saturday,7:35:03 AM,1012,1.60172,103.64516,7:38:03 AM,1018,1.54372,103.65801,0.05,1
8/12/2018,Saturday,7:38:03 AM,1018,1.54372,103.65801,7:46:04 AM,1025,1.50716,103.69012,0.13361111111111112,1
8/12/2018,Saturday,7:46:04 AM,1025,1.50716,103.69012,7:48:04 AM,1026,1.50018,103.69668,0.03333333333333333,1
8/12/2018,Saturday,7:48:04 AM,1026,1.50018,103.69668,7:50:04 AM,1028,1.49616,103.7028,0.03333333333333333,1
8/12/2018,Saturday,7:50:04 AM,1028,1.49616,103.7028,7:51:04 AM,1031,1.46422,103.73049,0.016666666666666666,1
8/12/2018,Saturday,7:51:04 AM,1031,1.46422,103.73049,8:01:00 AM,1035,1.45536,103.76162,0.16555555555555557,1
8/12/2018,Saturday,8:01:00 AM,1035,1.45536,103.76162,8:12:01 AM,1036,1.46434,103.7641,0.06666666666666667,1
8/12/2018,Saturday,8:12:01 AM,1037,1.46434,103.7641,8:18:01 AM,1041,1.46406,103.73048,0.1,2
8/12/2018,Saturday,8:18:01 AM,1041,1.46406,103.73048,8:21:01 AM,1043,1.48867,103.71298,0.05,2
8/12/2018,Saturday,8:21:01 AM,1043,1.48867,103.71298,8:23:02 AM,1045,1.49773,103.69997,0.03361111111111111,2
8/12/2018,Saturday,8:23:02 AM,1045,1.49773,103.69997,8:25:02 AM,1046,1.50847,103.68906,0.03333333333333333,2
8/12/2018,Saturday,8:25:02 AM,1046,1.50847,103.68906,8:26:02 AM,1047,1.51536,103.6845,0.016666666666666666,2
8/12/2018,Saturday,8:26:02 AM,1047,1.51536,103.6845,8:27:02 AM,1048,1.52346,103.67885,0.016666666666666666,2
8/12/2018,Saturday,8:27:02 AM,1048,1.52346,103.67885,8:28:02 AM,1051,1.53757,103.66255,0.016666666666666666,2
8/12/2018,Saturday,8:28:02 AM,1051,1.53757,103.66255,8:29:02 AM,1052,1.53976,103.66047,0.016666666666666666,2
8/12/2018,Saturday,8:29:02 AM,1052,1.53976,103.66047,8:41:03 AM,1057,1.60179,103.6451,0.20027777777777778,2
8/12/2018,Saturday,8:41:03 AM,1057,1.60179,103.6451,8:42:03 AM,1061,1.62884,103.6377,0.016666666666666666,2
8/12/2018,Saturday,8:42:03 AM,1061,1.62884,103.6377,8:43:03 AM,1062,1.63145,103.63483,0.016666666666666666,2
8/12/2018,Saturday,8:43:03 AM,1062,1.63145,103.63483,8:45:04 AM,1064,1.63491,103.63076,0.03361111111111111,2
8/12/2018,Saturday,8:45:04 AM,1064,1.63491,103.63076,8:47:04 AM,1065,1.64042,103.62361,0.03333333333333333,2
8/12/2018,Saturday,8:47:04 AM,1065,1.64042,103.62361,8:48:04 AM,1066,1.64465,103.61732,0.016666666666666666,2
8/12/2018,Saturday,8:48:04 AM,1066,1.64465,103.61732,8:49:04 AM,1067,1.64705,103.61409,0.016666666666666666,2
8/12/2018,Saturday,8:49:04 AM,1067,1.64705,103.61409,8:50:04 AM,1068,1.65187,103.61048,0.016666666666666666,2
8/12/2018,Saturday,8:50:04 AM,1068,1.65187,103.61048,8:53:04 AM,1070,1.66155,103.60257,0.05,2
8/12/2018,Saturday,8:53:04 AM,1070,1.66155,103.60257,9:20:01 AM,1071,1.66279,103.59966,0.06666666666666667,2
8/12/2018,Saturday,9:20:01 AM,1000,1.66279,103.59966,9:21:01 AM,1001,1.6613,103.60363,0.016666666666666666,1
8/12/2018,Saturday,9:21:01 AM,1001,1.6613,103.60363,9:24:02 AM,1002,1.65416,103.60965,0.050277777777777775,1
8/12/2018,Saturday,9:24:02 AM,1002,1.65416,103.60965,9:25:02 AM,1004,1.64961,103.61234,0.016666666666666666,1
8/12/2018,Saturday,9:25:02 AM,1004,1.64961,103.61234,9:26:02 AM,1005,1.64534,103.61631,0.016666666666666666,1
8/12/2018,Saturday,9:26:02 AM,1005,1.64534,103.61631,9:28:02 AM,1006,1.63998,103.62432,0.03333333333333333,1
8/12/2018,Saturday,9:28:02 AM,1006,1.63998,103.62432,9:38:03 AM,1012,1.60001,103.64481,0.16694444444444445,1
8/12/2018,Saturday,9:38:03 AM,1012,1.60001,103.64481,9:39:03 AM,1013,1.59686,103.64542,0.016666666666666666,1
8/12/2018,Saturday,9:39:03 AM,1013,1.59686,103.64542,9:45:03 AM,1018,1.54469,103.65764,0.1,1
8/12/2018,Saturday,9:45:03 AM,1018,1.54469,103.65764,9:46:04 AM,1019,1.54127,103.65929,0.016944444444444446,1
8/12/2018,Saturday,9:46:04 AM,1019,1.54127,103.65929,9:47:04 AM,1020,1.53722,103.6632,0.016666666666666666,1
8/12/2018,Saturday,9:47:04 AM,1020,1.53722,103.6632,9:50:04 AM,1021,1.52814,103.67076,0.05,1
8/12/2018,Saturday,9:50:04 AM,1021,1.52814,103.67076,9:51:04 AM,1023,1.52061,103.681,0.016666666666666666,1
8/12/2018,Saturday,9:51:04 AM,1023,1.52061,103.681,9:53:04 AM,1024,1.5124,103.68678,0.03333333333333333,1
8/12/2018,Saturday,9:53:04 AM,1024,1.5124,103.68678,9:55:04 AM,1025,1.50828,103.68956,0.03333333333333333,1
8/12/2018,Saturday,9:55:04 AM,1025,1.50828,103.68956,10:00:00 AM,1029,1.4895,103.71217,0.08222222222222222,1
8/12/2018,Saturday,10:00:00 AM,1029,1.4895,103.71217,10:05:00 AM,1032,1.45948,103.73848,0.08333333333333333,1
8/12/2018,Saturday,10:05:00 AM,1032,1.45948,103.73848,10:35:03 AM,1036,1.46264,103.76566,0.3338888888888889,1
8/12/2018,Saturday,10:35:03 AM,1037,1.46264,103.76566,10:45:03 AM,1043,1.48928,103.71211,0.16666666666666666,2
8/12/2018,Saturday,10:45:03 AM,1043,1.48928,103.71211,10:47:04 AM,1045,1.49637,103.70186,0.03361111111111111,2
8/12/2018,Saturday,10:47:04 AM,1045,1.49637,103.70186,10:51:04 AM,1046,1.50847,103.68906,0.06666666666666667,2
8/12/2018,Saturday,10:51:04 AM,1046,1.50847,103.68906,10:54:04 AM,1051,1.53757,103.66255,0.05,2
8/12/2018,Saturday,10:54:04 AM,1051,1.53757,103.66255,10:57:05 AM,1052,1.53901,103.66115,0.050277777777777775,2
8/12/2018,Saturday,10:57:05 AM,1052,1.53901,103.66115,10:59:05 AM,1053,1.5448,103.65738,0.03333333333333333,2
8/12/2018,Saturday,10:59:05 AM,1053,1.5448,103.65738,11:08:00 AM,1057,1.59939,103.64494,0.1486111111111111,2
8/12/2018,Saturday,11:08:00 AM,1057,1.59939,103.64494,11:10:00 AM,1059,1.61283,103.64722,0.03333333333333333,2
8/12/2018,Saturday,11:10:00 AM,1059,1.61283,103.64722,11:15:01 AM,1062,1.63185,103.6344,0.08361111111111111,2
8/12/2018,Saturday,11:15:01 AM,1062,1.63185,103.6344,11:17:01 AM,1064,1.63491,103.63076,0.03333333333333333,2
8/12/2018,Saturday,11:17:01 AM,1064,1.63491,103.63076,11:21:01 AM,1065,1.64042,103.62361,0.06666666666666667,2
8/12/2018,Saturday,11:21:01 AM,1065,1.64042,103.62361,11:25:02 AM,1068,1.65258,103.61013,0.06694444444444445,2
8/12/2018,Saturday,11:25:02 AM,1068,1.65258,103.61013,11:27:02 AM,1070,1.66093,103.60407,0.03333333333333333,2
8/12/2018,Saturday,11:27:02 AM,1070,1.66093,103.60407,11:53:04 AM,1071,1.66254,103.60006,0.08333333333333333,2
8/12/2018,Saturday,11:53:04 AM,1000,1.66254,103.60006,11:57:05 AM,1001,1.66113,103.60413,0.06694444444444445,1
8/12/2018,Saturday,11:57:05 AM,1001,1.66113,103.60413,12:01:00 PM,1003,1.64982,103.61218,0.06527777777777778,1
8/12/2018,Saturday,12:01:00 PM,1003,1.64982,103.61218,12:02:00 PM,1005,1.64478,103.61739,0.016666666666666666,1
8/12/2018,Saturday,12:02:00 PM,1005,1.64478,103.61739,12:11:00 PM,1012,1.60001,103.64481,0.15,1
8/12/2018,Saturday,12:11:00 PM,1012,1.60001,103.64481,12:13:01 PM,1013,1.59686,103.64542,0.03361111111111111,1
8/12/2018,Saturday,12:13:01 PM,1013,1.59686,103.64542,12:20:01 PM,1018,1.54469,103.65764,0.11666666666666667,1
8/12/2018,Saturday,12:20:01 PM,1018,1.54469,103.65764,12:21:01 PM,1019,1.54127,103.65929,0.016666666666666666,1
8/12/2018,Saturday,12:21:01 PM,1019,1.54127,103.65929,12:32:02 PM,1025,1.50875,103.68927,0.1836111111111111,1
8/12/2018,Saturday,12:32:02 PM,1025,1.50875,103.68927,12:35:03 PM,1028,1.49729,103.70112,0.050277777777777775,1
8/12/2018,Saturday,12:35:03 PM,1028,1.49729,103.70112,12:38:03 PM,1029,1.48948,103.71219,0.05,1
8/12/2018,Saturday,12:38:03 PM,1029,1.48948,103.71219,12:42:03 PM,1031,1.46267,103.73198,0.06666666666666667,1
8/12/2018,Saturday,12:42:03 PM,1031,1.46267,103.73198,12:43:03 PM,1032,1.45948,103.73848,0.016666666666666666,1
8/12/2018,Saturday,12:43:03 PM,1032,1.45948,103.73848,12:45:04 PM,1033,1.45712,103.74788,0.03361111111111111,1
8/12/2018,Saturday,12:45:04 PM,1033,1.45712,103.74788,12:48:04 PM,1035,1.45517,103.76089,0.05,1
8/12/2018,Saturday,12:48:04 PM,1035,1.45517,103.76089,1:29:02 PM,1036,1.4644,103.76469,0.1836111111111111,1
8/12/2018,Saturday,1:29:02 PM,1037,1.4644,103.76469,1:38:03 PM,1046,1.50798,103.68946,0.1502777777777778,2
8/12/2018,Saturday,1:38:03 PM,1046,1.50798,103.68946,1:41:03 PM,1048,1.5224,103.67959,0.05,2
8/12/2018,Saturday,1:41:03 PM,1048,1.5224,103.67959,1:42:03 PM,1051,1.53757,103.66255,0.016666666666666666,2
8/12/2018,Saturday,1:42:03 PM,1051,1.53757,103.66255,1:47:04 PM,1053,1.54567,103.65716,0.08361111111111111,2
8/12/2018,Saturday,1:47:04 PM,1053,1.54567,103.65716,1:57:05 PM,1057,1.60032,103.64469,0.16694444444444445,2
8/12/2018,Saturday,1:57:05 PM,1057,1.60032,103.64469,1:59:05 PM,1058,1.60557,103.64768,0.03333333333333333,2
8/12/2018,Saturday,1:59:05 PM,1058,1.60557,103.64768,2:05:00 PM,1061,1.62884,103.6377,0.09861111111111111,2
8/12/2018,Saturday,2:05:00 PM,1061,1.62884,103.6377,2:06:00 PM,1062,1.63185,103.6344,0.016666666666666666,2
8/12/2018,Saturday,2:06:00 PM,1062,1.63185,103.6344,2:10:00 PM,1064,1.63515,103.63044,0.06666666666666667,2
8/12/2018,Saturday,2:10:00 PM,1064,1.63515,103.63044,2:12:01 PM,1065,1.63923,103.62504,0.03361111111111111,2
8/12/2018,Saturday,2:12:01 PM,1065,1.63923,103.62504,2:13:01 PM,1069,1.6549,103.60937,0.016666666666666666,2
8/12/2018,Saturday,2:13:01 PM,1069,1.6549,103.60937,2:25:02 PM,1071,1.66246,103.59877,0.20027777777777778,2
8/12/2018,Saturday,2:39:03 PM,1000,1.66246,103.59877,2:41:03 PM,1001,1.66113,103.60413,0.03333333333333333,1
8/12/2018,Saturday,2:41:03 PM,1001,1.66113,103.60413,2:44:03 PM,1003,1.65093,103.61135,0.05,1
8/12/2018,Saturday,2:44:03 PM,1003,1.65093,103.61135,2:46:04 PM,1004,1.64837,103.61323,0.03361111111111111,1
8/12/2018,Saturday,2:46:04 PM,1004,1.64837,103.61323,2:47:04 PM,1005,1.64478,103.61739,0.016666666666666666,1
8/12/2018,Saturday,2:47:04 PM,1005,1.64478,103.61739,2:49:04 PM,1006,1.63933,103.62515,0.03333333333333333,1
8/12/2018,Saturday,2:49:04 PM,1006,1.63933,103.62515,2:51:04 PM,1007,1.63553,103.63013,0.03333333333333333,1
8/12/2018,Saturday,2:51:04 PM,1007,1.63553,103.63013,3:01:00 PM,1012,1.60001,103.64481,0.16555555555555557,1
8/12/2018,Saturday,3:01:00 PM,1012,1.60001,103.64481,3:02:00 PM,1013,1.59789,103.64557,0.016666666666666666,1
8/12/2018,Saturday,3:02:00 PM,1013,1.59789,103.64557,3:09:00 PM,1018,1.54372,103.65801,0.11666666666666667,1
8/12/2018,Saturday,3:09:00 PM,1018,1.54372,103.65801,3:10:00 PM,1019,1.54127,103.65929,0.016666666666666666,1
8/12/2018,Saturday,3:10:00 PM,1019,1.54127,103.65929,3:17:01 PM,1021,1.5284,103.67051,0.11694444444444445,1
8/12/2018,Saturday,3:17:01 PM,1021,1.5284,103.67051,3:18:01 PM,1025,1.51013,103.68839,0.016666666666666666,1
8/12/2018,Saturday,3:18:01 PM,1025,1.51013,103.68839,4:11:00 PM,1036,1.46434,103.7641,0.7661111111111111,1
8/12/2018,Saturday,4:11:00 PM,1037,1.46434,103.7641,4:18:01 PM,1049,1.52805,103.67071,0.11694444444444445,2
8/12/2018,Saturday,4:18:01 PM,1049,1.52805,103.67071,4:36:03 PM,1051,1.53757,103.66255,0.3005555555555556,2
8/12/2018,Saturday,4:36:03 PM,1051,1.53757,103.66255,4:39:03 PM,1052,1.53976,103.66047,0.05,2
8/12/2018,Saturday,4:39:03 PM,1052,1.53976,103.66047,4:54:04 PM,1057,1.60179,103.6451,0.25027777777777777,2
8/12/2018,Saturday,4:54:04 PM,1057,1.60179,103.6451,5:13:01 PM,1070,1.66093,103.60407,0.31583333333333335,2
8/12/2018,Saturday,5:13:01 PM,1070,1.66093,103.60407,5:16:01 PM,1071,1.66246,103.59877,0.05,2
8/12/2018,Saturday,5:19:01 PM,1000,1.66246,103.59877,5:37:03 PM,1012,1.6019,103.64523,0.3005555555555556,1
8/12/2018,Saturday,5:37:03 PM,1012,1.6019,103.64523,5:44:03 PM,1014,1.59167,103.64761,0.11666666666666667,1
8/12/2018,Saturday,5:44:03 PM,1014,1.59167,103.64761,5:50:04 PM,1018,1.54372,103.65801,0.10027777777777777,1
8/12/2018,Saturday,5:50:04 PM,1018,1.54372,103.65801,5:53:04 PM,1025,1.51013,103.68839,0.05,1
8/12/2018,Saturday,5:53:04 PM,1025,1.51013,103.68839,5:58:05 PM,1027,1.49817,103.69963,0.08361111111111111,1
8/12/2018,Saturday,5:58:05 PM,1027,1.49817,103.69963,6:07:00 PM,1029,1.48988,103.71159,0.1486111111111111,1
8/12/2018,Saturday,6:07:00 PM,1029,1.48988,103.71159,6:15:01 PM,1033,1.45712,103.74788,0.13361111111111112,1
8/12/2018,Saturday,6:15:01 PM,1033,1.45712,103.74788,6:17:01 PM,1035,1.45536,103.76162,0.03333333333333333,1
8/12/2018,Saturday,6:17:01 PM,1035,1.45536,103.76162,6:22:01 PM,1036,1.46291,103.76502,0.08333333333333333,1
8/12/2018,Saturday,6:24:02 PM,1037,1.46368,103.76511,6:52:04 PM,1053,1.5448,103.65738,0.4672222222222222,2
8/12/2018,Saturday,6:52:04 PM,1053,1.5448,103.65738,7:03:00 PM,1057,1.59977,103.64476,0.18222222222222223,2
8/12/2018,Saturday,7:03:00 PM,1057,1.59977,103.64476,7:06:00 PM,1059,1.61283,103.64722,0.05,2
8/12/2018,Saturday,7:06:00 PM,1059,1.61283,103.64722,7:29:02 PM,1071,1.66246,103.59877,0.3838888888888889,2
9/12/2018,Sunday,7:41:16 AM,1000,1.66246,103.59877,7:42:16 AM,1001,1.66137,103.6032,0.016666666666666666,1
9/12/2018,Sunday,7:42:16 AM,1001,1.66137,103.6032,7:46:16 AM,1003,1.65093,103.61135,0.06666666666666667,1
9/12/2018,Sunday,7:46:16 AM,1003,1.65093,103.61135,7:47:16 AM,1004,1.64837,103.61323,0.016666666666666666,1
9/12/2018,Sunday,7:47:16 AM,1004,1.64837,103.61323,7:48:16 AM,1005,1.64534,103.61631,0.016666666666666666,1
9/12/2018,Sunday,7:48:16 AM,1005,1.64534,103.61631,7:50:17 AM,1006,1.63998,103.62432,0.03361111111111111,1
9/12/2018,Sunday,7:50:17 AM,1006,1.63998,103.62432,8:02:00 AM,1012,1.60172,103.64516,0.19527777777777777,1
9/12/2018,Sunday,8:02:00 AM,1012,1.60172,103.64516,8:04:00 AM,1018,1.54514,103.65748,0.03333333333333333,1
9/12/2018,Sunday,8:04:00 AM,1018,1.54514,103.65748,8:06:00 AM,1019,1.54127,103.65929,0.03333333333333333,1
9/12/2018,Sunday,8:06:00 AM,1019,1.54127,103.65929,8:07:00 AM,1020,1.53511,103.66506,0.016666666666666666,1
9/12/2018,Sunday,8:07:00 AM,1020,1.53511,103.66506,8:08:00 AM,1021,1.5284,103.67051,0.016666666666666666,1
9/12/2018,Sunday,8:08:00 AM,1021,1.5284,103.67051,8:09:00 AM,1025,1.51013,103.68839,0.016666666666666666,1
9/12/2018,Sunday,8:09:00 AM,1025,1.51013,103.68839,8:14:01 AM,1028,1.49729,103.70112,0.08361111111111111,1
9/12/2018,Sunday,8:14:01 AM,1028,1.49729,103.70112,8:17:01 AM,1029,1.48895,103.71283,0.05,1
9/12/2018,Sunday,8:17:01 AM,1029,1.48895,103.71283,8:21:01 AM,1032,1.45948,103.73848,0.06666666666666667,1
9/12/2018,Sunday,8:21:01 AM,1032,1.45948,103.73848,8:25:02 AM,1035,1.45536,103.76162,0.06694444444444445,1
9/12/2018,Sunday,8:25:02 AM,1035,1.45536,103.76162,8:41:03 AM,1036,1.46264,103.76566,0.08333333333333333,1
9/12/2018,Sunday,8:41:03 AM,1037,1.46264,103.76566,8:47:04 AM,1041,1.46406,103.73048,0.10027777777777777,2
9/12/2018,Sunday,8:47:04 AM,1041,1.46406,103.73048,8:51:04 AM,1043,1.48928,103.71211,0.06666666666666667,2
9/12/2018,Sunday,8:51:04 AM,1043,1.48928,103.71211,8:55:04 AM,1046,1.50798,103.68946,0.06666666666666667,2
9/12/2018,Sunday,8:55:04 AM,1046,1.50798,103.68946,8:59:05 AM,1049,1.52868,103.66981,0.06694444444444445,2
9/12/2018,Sunday,8:59:05 AM,1049,1.52868,103.66981,9:00:00 AM,1050,1.53419,103.66544,0.015277777777777777,2
9/12/2018,Sunday,9:00:00 AM,1050,1.53419,103.66544,9:03:00 AM,1053,1.5448,103.65738,0.05,2
9/12/2018,Sunday,9:03:00 AM,1053,1.5448,103.65738,9:10:00 AM,1057,1.59994,103.64472,0.11666666666666667,2
9/12/2018,Sunday,9:10:00 AM,1057,1.59994,103.64472,9:12:01 AM,1059,1.6125,103.64725,0.03361111111111111,2
9/12/2018,Sunday,9:12:01 AM,1059,1.6125,103.64725,9:27:02 AM,1071,1.66246,103.59877,0.25027777777777777,2
9/12/2018,Sunday,10:18:01 AM,1000,1.66246,103.59877,10:20:01 AM,1001,1.66113,103.60413,0.03333333333333333,1
9/12/2018,Sunday,10:20:01 AM,1001,1.66113,103.60413,10:24:02 AM,1003,1.65093,103.61135,0.06694444444444445,1
9/12/2018,Sunday,10:24:02 AM,1003,1.65093,103.61135,10:26:02 AM,1005,1.64478,103.61739,0.03333333333333333,1
9/12/2018,Sunday,10:26:02 AM,1005,1.64478,103.61739,10:28:02 AM,1006,1.63933,103.62515,0.03333333333333333,1
9/12/2018,Sunday,10:28:02 AM,1006,1.63933,103.62515,10:30:02 AM,1007,1.63511,103.63069,0.03333333333333333,1
9/12/2018,Sunday,10:30:02 AM,1007,1.63511,103.63069,10:46:04 AM,1012,1.60172,103.64516,0.26722222222222225,1
9/12/2018,Sunday,10:46:04 AM,1012,1.60172,103.64516,10:48:04 AM,1021,1.5292,103.66949,0.03333333333333333,1
9/12/2018,Sunday,10:48:04 AM,1021,1.5292,103.66949,10:57:04 AM,1027,1.49967,103.69743,0.15,1
9/12/2018,Sunday,10:57:04 AM,1027,1.49967,103.69743,11:03:00 AM,1031,1.46214,103.73248,0.09888888888888889,1
9/12/2018,Sunday,11:03:00 AM,1031,1.46214,103.73248,11:06:00 AM,1035,1.45536,103.76162,0.05,1
9/12/2018,Sunday,11:06:00 AM,1035,1.45536,103.76162,11:29:02 AM,1036,1.46264,103.76566,0.3672222222222222,1
9/12/2018,Sunday,11:29:02 AM,1037,1.46264,103.76566,11:34:02 AM,1040,1.4597,103.73692,0.08333333333333333,2
9/12/2018,Sunday,11:34:02 AM,1040,1.4597,103.73692,11:37:03 AM,1042,1.47297,103.72512,0.050277777777777775,2
9/12/2018,Sunday,11:37:03 AM,1042,1.47297,103.72512,11:42:03 AM,1045,1.49637,103.70186,0.08333333333333333,2
9/12/2018,Sunday,11:42:03 AM,1045,1.49637,103.70186,11:45:03 AM,1046,1.50798,103.68946,0.05,2
9/12/2018,Sunday,11:45:03 AM,1046,1.50798,103.68946,11:53:04 AM,1051,1.53631,103.6637,0.13361111111111112,2
9/12/2018,Sunday,11:53:04 AM,1051,1.53631,103.6637,11:54:04 AM,1052,1.53976,103.66047,0.016666666666666666,2
9/12/2018,Sunday,11:54:04 AM,1052,1.53976,103.66047,12:06:00 PM,1057,1.60194,103.64516,0.1988888888888889,2
9/12/2018,Sunday,12:06:00 PM,1057,1.60194,103.64516,12:07:00 PM,1059,1.61283,103.64722,0.016666666666666666,2
9/12/2018,Sunday,12:07:00 PM,1059,1.61283,103.64722,12:10:00 PM,1062,1.63145,103.63483,0.05,2
9/12/2018,Sunday,12:10:00 PM,1062,1.63145,103.63483,12:12:01 PM,1064,1.63491,103.63076,0.03361111111111111,2
9/12/2018,Sunday,12:12:01 PM,1064,1.63491,103.63076,12:47:04 PM,1071,1.66279,103.59966,0.30027777777777775,2
9/12/2018,Sunday,12:47:04 PM,1000,1.66279,103.59966,12:49:04 PM,1001,1.66155,103.60257,0.03333333333333333,1
9/12/2018,Sunday,12:49:04 PM,1001,1.66155,103.60257,12:52:04 PM,1003,1.65093,103.61135,0.05,1
9/12/2018,Sunday,12:52:04 PM,1003,1.65093,103.61135,12:53:04 PM,1004,1.64837,103.61323,0.016666666666666666,1
9/12/2018,Sunday,12:53:04 PM,1004,1.64837,103.61323,12:54:04 PM,1005,1.64534,103.61631,0.016666666666666666,1
9/12/2018,Sunday,12:54:04 PM,1005,1.64534,103.61631,12:56:04 PM,1006,1.63933,103.62515,0.03333333333333333,1
9/12/2018,Sunday,12:56:04 PM,1006,1.63933,103.62515,1:00:00 PM,1007,1.63511,103.63069,0.06555555555555556,1
9/12/2018,Sunday,1:00:00 PM,1007,1.63511,103.63069,1:16:01 PM,1012,1.60172,103.64516,0.26694444444444443,1
9/12/2018,Sunday,1:16:01 PM,1012,1.60172,103.64516,1:27:02 PM,1021,1.5284,103.67051,0.1836111111111111,1
9/12/2018,Sunday,1:27:02 PM,1021,1.5284,103.67051,1:34:02 PM,1025,1.50969,103.68867,0.11666666666666667,1
9/12/2018,Sunday,1:34:02 PM,1025,1.50969,103.68867,1:37:03 PM,1028,1.49729,103.70112,0.050277777777777775,1
9/12/2018,Sunday,1:37:03 PM,1028,1.49729,103.70112,1:43:03 PM,1031,1.46267,103.73198,0.1,1
9/12/2018,Sunday,1:43:03 PM,1031,1.46267,103.73198,1:51:04 PM,1035,1.45517,103.76089,0.13361111111111112,1
9/12/2018,Sunday,1:51:04 PM,1035,1.45517,103.76089,1:57:04 PM,1036,1.46291,103.76502,0.1,1
9/12/2018,Sunday,2:30:02 PM,1037,1.46434,103.7641,2:51:04 PM,1043,1.48839,103.71338,0.35055555555555556,2
9/12/2018,Sunday,2:51:04 PM,1043,1.48839,103.71338,2:52:04 PM,1047,1.51536,103.6845,0.016666666666666666,2
9/12/2018,Sunday,2:52:04 PM,1047,1.51536,103.6845,2:53:04 PM,1048,1.52346,103.67885,0.016666666666666666,2
9/12/2018,Sunday,2:53:04 PM,1048,1.52346,103.67885,2:55:04 PM,1050,1.53419,103.66544,0.03333333333333333,2
9/12/2018,Sunday,2:55:04 PM,1050,1.53419,103.66544,2:56:04 PM,1052,1.53976,103.66047,0.016666666666666666,2
9/12/2018,Sunday,2:56:04 PM,1052,1.53976,103.66047,2:57:04 PM,1053,1.54364,103.65788,0.016666666666666666,2
9/12/2018,Sunday,2:57:04 PM,1053,1.54364,103.65788,3:08:00 PM,1057,1.60179,103.6451,0.18222222222222223,2
9/12/2018,Sunday,3:08:00 PM,1057,1.60179,103.6451,3:11:00 PM,1064,1.63491,103.63076,0.05,2
9/12/2018,Sunday,3:11:00 PM,1064,1.63491,103.63076,3:14:01 PM,1065,1.64015,103.62393,0.050277777777777775,2
9/12/2018,Sunday,3:14:01 PM,1065,1.64015,103.62393,3:15:01 PM,1069,1.6549,103.60937,0.016666666666666666,2
9/12/2018,Sunday,3:15:01 PM,1069,1.6549,103.60937,3:25:02 PM,1071,1.66246,103.59877,0.16694444444444445,2
9/12/2018,Sunday,4:07:00 PM,1000,1.66246,103.59877,4:11:00 PM,1001,1.66176,103.60205,0.06666666666666667,1
9/12/2018,Sunday,4:11:00 PM,1001,1.66176,103.60205,4:18:01 PM,1003,1.65093,103.61135,0.11694444444444445,1
9/12/2018,Sunday,4:18:01 PM,1003,1.65093,103.61135,4:20:01 PM,1004,1.64837,103.61323,0.03333333333333333,1
9/12/2018,Sunday,4:20:01 PM,1004,1.64837,103.61323,4:23:01 PM,1006,1.64063,103.62349,0.05,1
9/12/2018,Sunday,4:23:01 PM,1006,1.64063,103.62349,4:25:02 PM,1007,1.63528,103.63046,0.03361111111111111,1
9/12/2018,Sunday,4:25:02 PM,1007,1.63528,103.63046,4:34:02 PM,1012,1.60001,103.64481,0.15,1
9/12/2018,Sunday,4:34:02 PM,1012,1.60001,103.64481,4:35:03 PM,1013,1.59612,103.64546,0.016944444444444446,1
9/12/2018,Sunday,4:35:03 PM,1013,1.59612,103.64546,4:42:03 PM,1018,1.54469,103.65764,0.11666666666666667,1
9/12/2018,Sunday,4:42:03 PM,1018,1.54469,103.65764,4:45:03 PM,1020,1.53511,103.66506,0.05,1
9/12/2018,Sunday,4:45:03 PM,1020,1.53511,103.66506,4:46:04 PM,1021,1.5284,103.67051,0.016944444444444446,1
9/12/2018,Sunday,4:46:04 PM,1021,1.5284,103.67051,5:04:59 PM,1025,1.51013,103.68839,0.31527777777777777,1
9/12/2018,Sunday,5:04:59 PM,1025,1.51013,103.68839,5:07:00 PM,1032,1.45948,103.73848,0.03361111111111111,1
9/12/2018,Sunday,5:07:00 PM,1032,1.45948,103.73848,5:14:02 PM,1035,1.45517,103.76089,0.11722222222222223,1
9/12/2018,Sunday,5:14:02 PM,1035,1.45517,103.76089,5:51:05 PM,1036,1.46486,103.7644,0.20027777777777778,1
9/12/2018,Sunday,5:51:05 PM,1037,1.46486,103.7644,5:59:06 PM,1041,1.46208,103.73239,0.13361111111111112,2
9/12/2018,Sunday,5:59:06 PM,1041,1.46208,103.73239,6:01:00 PM,1053,1.54321,103.65805,0.03166666666666667,2
9/12/2018,Sunday,6:01:00 PM,1053,1.54321,103.65805,6:27:02 PM,1057,1.60179,103.6451,0.4338888888888889,2
9/12/2018,Sunday,6:27:02 PM,1057,1.60179,103.6451,6:28:02 PM,1059,1.61283,103.64722,0.016666666666666666,2
9/12/2018,Sunday,6:28:02 PM,1059,1.61283,103.64722,6:32:02 PM,1062,1.63185,103.6344,0.06666666666666667,2
9/12/2018,Sunday,6:32:02 PM,1062,1.63185,103.6344,7:08:00 AM,1071,1.66279,103.59966,0.26722222222222225,2
11/12/2018,Tuesday,7:08:00 AM,1000,1.66279,103.59966,7:10:00 AM,1001,1.6613,103.60363,0.03333333333333333,1
11/12/2018,Tuesday,7:10:00 AM,1001,1.6613,103.60363,7:17:01 AM,1005,1.64534,103.61631,0.11694444444444445,1
11/12/2018,Tuesday,7:17:01 AM,1005,1.64534,103.61631,7:19:01 AM,1006,1.63998,103.62432,0.03333333333333333,1
11/12/2018,Tuesday,7:19:01 AM,1006,1.63998,103.62432,7:21:01 AM,1007,1.63553,103.63013,0.03333333333333333,1
11/12/2018,Tuesday,7:21:01 AM,1007,1.63553,103.63013,7:23:02 AM,1008,1.63248,103.63379,0.03361111111111111,1
11/12/2018,Tuesday,7:23:02 AM,1008,1.63248,103.63379,7:24:02 AM,1009,1.62797,103.63869,0.016666666666666666,1
11/12/2018,Tuesday,7:24:02 AM,1009,1.62797,103.63869,7:27:02 AM,1011,1.61115,103.64748,0.05,1
11/12/2018,Tuesday,7:27:02 AM,1011,1.61115,103.64748,7:29:02 AM,1012,1.59968,103.64491,0.03333333333333333,1
11/12/2018,Tuesday,7:29:02 AM,1012,1.59968,103.64491,7:32:02 AM,1014,1.58999,103.64805,0.05,1
11/12/2018,Tuesday,7:32:02 AM,1014,1.58999,103.64805,7:38:03 AM,1018,1.54469,103.65764,0.10027777777777777,1
11/12/2018,Tuesday,7:38:03 AM,1018,1.54469,103.65764,7:40:03 AM,1019,1.54127,103.65929,0.03333333333333333,1
11/12/2018,Tuesday,7:40:03 AM,1019,1.54127,103.65929,7:45:04 AM,1021,1.5284,103.67051,0.08361111111111111,1
11/12/2018,Tuesday,7:45:04 AM,1021,1.5284,103.67051,7:47:04 AM,1022,1.52329,103.67911,0.03333333333333333,1
11/12/2018,Tuesday,7:47:04 AM,1022,1.52329,103.67911,7:52:04 AM,1025,1.50828,103.68956,0.08333333333333333,1
11/12/2018,Tuesday,7:52:04 AM,1025,1.50828,103.68956,7:54:04 AM,1028,1.49616,103.7028,0.03333333333333333,1
11/12/2018,Tuesday,7:54:04 AM,1028,1.49616,103.7028,7:57:05 AM,1029,1.48895,103.71283,0.050277777777777775,1
11/12/2018,Tuesday,7:57:05 AM,1029,1.48895,103.71283,8:00:00 AM,1030,1.4754,103.72467,0.04861111111111111,1
11/12/2018,Tuesday,8:00:00 AM,1030,1.4754,103.72467,8:03:00 AM,1032,1.45948,103.73848,0.05,1
11/12/2018,Tuesday,8:03:00 AM,1032,1.45948,103.73848,8:05:00 AM,1034,1.45631,103.75001,0.03333333333333333,1
11/12/2018,Tuesday,8:05:00 AM,1034,1.45631,103.75001,8:07:00 AM,1035,1.45517,103.76089,0.03333333333333333,1
11/12/2018,Tuesday,8:07:00 AM,1035,1.45517,103.76089,8:28:02 AM,1036,1.46434,103.7641,0.05,1
11/12/2018,Tuesday,8:28:02 AM,1037,1.46434,103.7641,8:36:03 AM,1042,1.47537,103.72454,0.13361111111111112,2
11/12/2018,Tuesday,8:36:03 AM,1042,1.47537,103.72454,8:39:03 AM,1043,1.48867,103.71298,0.05,2
11/12/2018,Tuesday,8:39:03 AM,1043,1.48867,103.71298,8:41:03 AM,1045,1.49708,103.70086,0.03333333333333333,2
11/12/2018,Tuesday,8:41:03 AM,1045,1.49708,103.70086,8:47:04 AM,1046,1.50915,103.68856,0.10027777777777777,2
11/12/2018,Tuesday,8:47:04 AM,1046,1.50915,103.68856,8:48:04 AM,1049,1.52868,103.66981,0.016666666666666666,2
11/12/2018,Tuesday,8:48:04 AM,1049,1.52868,103.66981,8:51:04 AM,1052,1.53976,103.66047,0.05,2
11/12/2018,Tuesday,8:51:04 AM,1052,1.53976,103.66047,8:53:04 AM,1053,1.54567,103.65716,0.03333333333333333,2
11/12/2018,Tuesday,8:53:04 AM,1053,1.54567,103.65716,9:00:00 AM,1057,1.59994,103.64472,0.11555555555555555,2
11/12/2018,Tuesday,9:00:00 AM,1057,1.59994,103.64472,9:03:00 AM,1059,1.61283,103.64722,0.05,2
11/12/2018,Tuesday,9:03:00 AM,1059,1.61283,103.64722,9:23:02 AM,1071,1.66245,103.59909,0.3338888888888889,2
11/12/2018,Tuesday,9:47:04 AM,1000,1.66272,103.59971,9:51:04 AM,1001,1.66113,103.60413,0.06666666666666667,1
11/12/2018,Tuesday,9:51:04 AM,1001,1.66113,103.60413,9:53:04 AM,1002,1.65305,103.61006,0.03333333333333333,1
11/12/2018,Tuesday,9:53:04 AM,1002,1.65305,103.61006,9:54:04 AM,1003,1.65093,103.61135,0.016666666666666666,1
11/12/2018,Tuesday,9:54:04 AM,1003,1.65093,103.61135,9:56:04 AM,1005,1.64478,103.61739,0.03333333333333333,1
11/12/2018,Tuesday,9:56:04 AM,1005,1.64478,103.61739,9:59:05 AM,1006,1.63933,103.62515,0.050277777777777775,1
11/12/2018,Tuesday,9:59:05 AM,1006,1.63933,103.62515,10:01:00 AM,1008,1.63248,103.63379,0.03194444444444444,1
11/12/2018,Tuesday,10:01:00 AM,1008,1.63248,103.63379,10:02:00 AM,1009,1.62797,103.63869,0.016666666666666666,1
11/12/2018,Tuesday,10:02:00 AM,1009,1.62797,103.63869,10:08:00 AM,1012,1.59994,103.64482,0.1,1
11/12/2018,Tuesday,10:08:00 AM,1012,1.59994,103.64482,10:09:00 AM,1013,1.59537,103.64579,0.016666666666666666,1
11/12/2018,Tuesday,10:09:00 AM,1013,1.59537,103.64579,10:15:01 AM,1018,1.54469,103.65764,0.10027777777777777,1
11/12/2018,Tuesday,10:15:01 AM,1018,1.54469,103.65764,10:17:01 AM,1019,1.53954,103.66081,0.03333333333333333,1
11/12/2018,Tuesday,10:17:01 AM,1019,1.53954,103.66081,10:20:01 AM,1021,1.5284,103.67051,0.05,1
11/12/2018,Tuesday,10:20:01 AM,1021,1.5284,103.67051,10:21:01 AM,1022,1.52329,103.67911,0.016666666666666666,1
11/12/2018,Tuesday,10:21:01 AM,1022,1.52329,103.67911,10:22:01 AM,1025,1.50937,103.68887,0.016666666666666666,1
11/12/2018,Tuesday,10:22:01 AM,1025,1.50937,103.68887,10:23:01 AM,1026,1.50093,103.69567,0.016666666666666666,1
11/12/2018,Tuesday,10:23:01 AM,1026,1.50093,103.69567,10:27:02 AM,1028,1.49616,103.7028,0.06694444444444445,1
11/12/2018,Tuesday,10:27:02 AM,1028,1.49616,103.7028,10:31:02 AM,1030,1.4754,103.72467,0.06666666666666667,1
11/12/2018,Tuesday,10:31:02 AM,1030,1.4754,103.72467,10:36:03 AM,1035,1.45517,103.76089,0.08361111111111111,1
11/12/2018,Tuesday,10:36:03 AM,1035,1.45517,103.76089,10:42:03 AM,1036,1.46291,103.76502,0.1,1
11/12/2018,Tuesday,10:51:04 AM,1037,1.46486,103.7644,10:56:04 AM,1038,1.45458,103.75971,0.08333333333333333,2
11/12/2018,Tuesday,10:56:04 AM,1038,1.45458,103.75971,10:57:05 AM,1039,1.45585,103.75033,0.016944444444444446,2
11/12/2018,Tuesday,10:57:05 AM,1039,1.45585,103.75033,11:03:00 AM,1043,1.48867,103.71298,0.09861111111111111,2
11/12/2018,Tuesday,11:03:00 AM,1043,1.48867,103.71298,11:10:00 AM,1046,1.50915,103.68856,0.11666666666666667,2
11/12/2018,Tuesday,11:10:00 AM,1046,1.50915,103.68856,11:11:00 AM,1048,1.52346,103.67885,0.016666666666666666,2
11/12/2018,Tuesday,11:11:00 AM,1048,1.52346,103.67885,11:14:01 AM,1050,1.53547,103.66445,0.050277777777777775,2
11/12/2018,Tuesday,11:14:01 AM,1050,1.53547,103.66445,11:15:01 AM,1052,1.53976,103.66047,0.016666666666666666,2
11/12/2018,Tuesday,11:15:01 AM,1052,1.53976,103.66047,11:25:02 AM,1057,1.60179,103.6451,0.16694444444444445,2
11/12/2018,Tuesday,11:25:02 AM,1057,1.60179,103.6451,11:43:03 AM,1071,1.66272,103.59963,0.30027777777777775,2
11/12/2018,Tuesday,12:07:00 PM,1000,1.66272,103.59971,12:10:00 PM,1005,1.64582,103.61549,0.05,1
11/12/2018,Tuesday,12:10:00 PM,1005,1.64582,103.61549,12:17:01 PM,1006,1.63933,103.62515,0.11694444444444445,1
11/12/2018,Tuesday,12:17:01 PM,1006,1.63933,103.62515,12:18:01 PM,1008,1.63311,103.63311,0.016666666666666666,1
11/12/2018,Tuesday,12:18:01 PM,1008,1.63311,103.63311,12:20:01 PM,1009,1.62756,103.63915,0.03333333333333333,1
11/12/2018,Tuesday,12:20:01 PM,1009,1.62756,103.63915,12:29:02 PM,1012,1.60172,103.64516,0.1502777777777778,1
11/12/2018,Tuesday,12:29:02 PM,1012,1.60172,103.64516,12:32:02 PM,1018,1.54344,103.65812,0.05,1
11/12/2018,Tuesday,12:32:02 PM,1018,1.54344,103.65812,12:33:02 PM,1019,1.53954,103.66081,0.016666666666666666,1
11/12/2018,Tuesday,12:33:02 PM,1019,1.53954,103.66081,12:38:03 PM,1025,1.50747,103.68993,0.08361111111111111,1
11/12/2018,Tuesday,12:38:03 PM,1025,1.50747,103.68993,12:39:03 PM,1026,1.5014,103.69506,0.016666666666666666,1
11/12/2018,Tuesday,12:39:03 PM,1026,1.5014,103.69506,12:40:03 PM,1028,1.4975,103.7006,0.016666666666666666,1
11/12/2018,Tuesday,12:40:03 PM,1028,1.4975,103.7006,12:41:03 PM,1029,1.49038,103.71075,0.016666666666666666,1
11/12/2018,Tuesday,12:41:03 PM,1029,1.49038,103.71075,12:45:03 PM,1032,1.45948,103.73848,0.06666666666666667,1
11/12/2018,Tuesday,12:45:03 PM,1032,1.45948,103.73848,12:51:04 PM,1036,1.46291,103.76502,0.10027777777777777,1
11/12/2018,Tuesday,12:52:04 PM,1037,1.46486,103.7644,12:55:04 PM,1038,1.45458,103.75971,0.05,2
11/12/2018,Tuesday,12:55:04 PM,1038,1.45458,103.75971,12:58:05 PM,1044,1.49345,103.70587,0.050277777777777775,2
11/12/2018,Tuesday,12:58:05 PM,1044,1.49345,103.70587,1:02:00 PM,1048,1.5224,103.67959,0.06527777777777778,2
11/12/2018,Tuesday,1:02:00 PM,1048,1.5224,103.67959,1:19:01 PM,1058,1.606,103.64772,0.2836111111111111,2
11/12/2018,Tuesday,1:19:01 PM,1058,1.606,103.64772,1:21:01 PM,1062,1.63242,103.63373,0.03333333333333333,2
11/12/2018,Tuesday,1:21:01 PM,1062,1.63242,103.63373,1:31:02 PM,1071,1.66272,103.59963,0.16694444444444445,2
11/12/2018,Tuesday,2:04:00 PM,1000,1.66272,103.59971,2:06:00 PM,1001,1.66155,103.60257,0.03333333333333333,1
11/12/2018,Tuesday,2:06:00 PM,1001,1.66155,103.60257,2:09:00 PM,1003,1.65093,103.61135,0.05,1
11/12/2018,Tuesday,2:09:00 PM,1003,1.65093,103.61135,2:10:00 PM,1004,1.64837,103.61323,0.016666666666666666,1
11/12/2018,Tuesday,2:10:00 PM,1004,1.64837,103.61323,2:11:01 PM,1005,1.64582,103.61549,0.016944444444444446,1
11/12/2018,Tuesday,2:11:01 PM,1005,1.64582,103.61549,2:13:01 PM,1006,1.63998,103.62432,0.03333333333333333,1
11/12/2018,Tuesday,2:13:01 PM,1006,1.63998,103.62432,2:16:01 PM,1009,1.62797,103.63869,0.05,1
11/12/2018,Tuesday,2:16:01 PM,1009,1.62797,103.63869,2:20:01 PM,1011,1.61115,103.64748,0.06666666666666667,1
11/12/2018,Tuesday,2:20:01 PM,1011,1.61115,103.64748,2:27:02 PM,1012,1.60172,103.64516,0.11694444444444445,1
11/12/2018,Tuesday,2:27:02 PM,1012,1.60172,103.64516,2:31:02 PM,1018,1.54487,103.65758,0.06666666666666667,1
11/12/2018,Tuesday,2:31:02 PM,1018,1.54487,103.65758,2:33:02 PM,1024,1.51149,103.68743,0.03333333333333333,1
11/12/2018,Tuesday,2:33:02 PM,1024,1.51149,103.68743,2:41:03 PM,1025,1.50773,103.68986,0.13361111111111112,1
11/12/2018,Tuesday,2:41:03 PM,1025,1.50773,103.68986,2:42:03 PM,1031,1.46422,103.73049,0.016666666666666666,1
11/12/2018,Tuesday,2:42:03 PM,1031,1.46422,103.73049,2:50:04 PM,1032,1.45948,103.73848,0.13361111111111112,1
11/12/2018,Tuesday,3:11:06 PM,1037,1.4628,103.76509,3:17:06 PM,1041,1.46406,103.73048,0.1,2
11/12/2018,Tuesday,3:17:06 PM,1041,1.46406,103.73048,3:28:07 PM,1046,1.50915,103.68856,0.1836111111111111,2
11/12/2018,Tuesday,3:28:07 PM,1046,1.50915,103.68856,3:31:08 PM,1048,1.52128,103.68031,0.050277777777777775,2
11/12/2018,Tuesday,3:31:08 PM,1048,1.52128,103.68031,3:33:08 PM,1049,1.52805,103.67071,0.03333333333333333,2
11/12/2018,Tuesday,3:33:08 PM,1049,1.52805,103.67071,3:40:08 PM,1055,1.58869,103.6481,0.11666666666666667,2
11/12/2018,Tuesday,3:40:08 PM,1055,1.58869,103.6481,3:42:09 PM,1056,1.59728,103.64532,0.03361111111111111,2
11/12/2018,Tuesday,3:42:09 PM,1056,1.59728,103.64532,3:44:09 PM,1057,1.60179,103.6451,0.03333333333333333,2
11/12/2018,Tuesday,3:44:09 PM,1057,1.60179,103.6451,3:47:09 PM,1059,1.61401,103.64715,0.05,2
11/12/2018,Tuesday,3:47:09 PM,1059,1.61401,103.64715,3:49:09 PM,1061,1.62884,103.6377,0.03333333333333333,2
11/12/2018,Tuesday,3:49:09 PM,1061,1.62884,103.6377,4:46:04 PM,1071,1.66272,103.59963,0.9486111111111111,2
11/12/2018,Tuesday,4:49:04 PM,1000,1.66272,103.59971,4:53:04 PM,1001,1.66113,103.60413,0.06666666666666667,1
11/12/2018,Tuesday,4:53:04 PM,1001,1.66113,103.60413,4:54:04 PM,1003,1.65093,103.61135,0.016666666666666666,1
11/12/2018,Tuesday,4:54:04 PM,1003,1.65093,103.61135,4:55:04 PM,1004,1.64961,103.61234,0.016666666666666666,1
11/12/2018,Tuesday,4:55:04 PM,1004,1.64961,103.61234,4:56:04 PM,1005,1.64534,103.61631,0.016666666666666666,1
11/12/2018,Tuesday,4:56:04 PM,1005,1.64534,103.61631,4:58:05 PM,1006,1.63998,103.62432,0.03361111111111111,1
11/12/2018,Tuesday,4:58:05 PM,1006,1.63998,103.62432,5:01:00 PM,1007,1.63511,103.63069,0.04861111111111111,1
11/12/2018,Tuesday,5:01:00 PM,1007,1.63511,103.63069,5:09:00 PM,1012,1.59994,103.64482,0.13333333333333333,1
11/12/2018,Tuesday,5:09:00 PM,1012,1.59994,103.64482,5:11:01 PM,1014,1.59167,103.64761,0.03361111111111111,1
11/12/2018,Tuesday,5:11:01 PM,1014,1.59167,103.64761,5:17:01 PM,1018,1.54469,103.65764,0.1,1
11/12/2018,Tuesday,5:17:01 PM,1018,1.54469,103.65764,5:19:01 PM,1019,1.54127,103.65929,0.03333333333333333,1
11/12/2018,Tuesday,5:19:01 PM,1019,1.54127,103.65929,5:20:01 PM,1020,1.53511,103.66506,0.016666666666666666,1
11/12/2018,Tuesday,5:20:01 PM,1020,1.53511,103.66506,5:22:01 PM,1022,1.52105,103.68068,0.03333333333333333,1
11/12/2018,Tuesday,5:22:01 PM,1022,1.52105,103.68068,5:25:02 PM,1026,1.50093,103.69567,0.050277777777777775,1
11/12/2018,Tuesday,5:25:02 PM,1026,1.50093,103.69567,5:34:03 PM,1027,1.49967,103.69743,0.1502777777777778,1
11/12/2018,Tuesday,5:34:03 PM,1027,1.49967,103.69743,5:35:03 PM,1028,1.497,103.70157,0.016666666666666666,1
11/12/2018,Tuesday,5:35:03 PM,1028,1.497,103.70157,5:37:03 PM,1029,1.48895,103.71283,0.03333333333333333,1
11/12/2018,Tuesday,5:37:03 PM,1029,1.48895,103.71283,5:45:03 PM,1035,1.45536,103.76162,0.13333333333333333,1
11/12/2018,Tuesday,5:45:03 PM,1035,1.45536,103.76162,5:51:04 PM,1036,1.46291,103.76502,0.10027777777777777,1
